Workbook

Sheet Parameters
A1: OTHER PARAMETERS
A3: Temperature [K] | B3: 310.15
A4: Nh(biomass) [mmol gCDW-1] | B4: 74 | D4: http://www.ncbi.nlm.nih.gov/pubmed/20506321
A5: dfG0(biomass) [kJ gCDW-1] | B5: =-71.075/26.4 -> -2.6922348 | D5: fom Battley 1991; dfGbm = -71.075 (KJ/cmol) | H5: from Lange and Heijnen 2001; cellular density of 26.4 (cmol/gDW)
B7: extracellular [e] | C7: cytosol [c]
A8: pH | B8: 7 | C8: 7.6
A9: Ionic Strength (M) | B9: 0.2 | C9: 0.15
B11: c|>|e
A12: electrical membrane potential [V] | B12: -0.15
A15: DEFAULT BOUNDS FOR VARIABLES
B17: extracellular [e] | D17: cytosol [c]
B18: min | C18: max | D18: min | E18: max
A19: concentration [mM] | B19: 0.0001 | C19: 1 | D19: 0.0001 | E19: 1
A20: gbmo [kJ gCDW-1 h-1] | B20: 0 | C20: 10
A22: PHYSICAL CONSTANTS
A24: Gas constant [kJ mol-1 K-1] | B24: 0.008314
A25: Faraday constant [kC mol-1] | B25: 96.49
A26: Debye-Hückel constant A [M-1/2] | B26: 1.201
A27: Debye-Hückel constant B [M-1/2] | B27: 1.6

Sheet Exchange reactions
A1: Abbrevation | B1: Lower Bound | C1: Upper Bound | D1: Reaction | F1: Comment
A2: EX_12ppd-S | B2: 0 | C2: 0 | D2: 12ppd-S[e] <=>
A3: EX_15dap | B3: 0 | C3: 0 | D3: 15dap[e] <=>
A4: EX_26dap-M | B4: 0 | C4: 0 | D4: 26dap-M[e] <=>
A5: EX_2ddglcn | B5: 0 | C5: 0 | D5: 2ddglcn[e] <=>
A6: EX_3hcinnm | B6: 0 | C6: 0 | D6: 3hcinnm[e] <=>
A7: EX_3hpppn | B7: 0 | C7: 0 | D7: 3hpppn[e] <=>
A8: EX_4abut | B8: 0 | C8: 0 | D8: 4abut[e] <=>
A9: EX_ac | B9: -150 | C9: 150 | D9: ac[e] <=> | F9: measurement and mixed acid fermentation
A10: EX_acac | B10: 0 | C10: 0 | D10: acac[e] <=>
A11: EX_acald | B11: 0 | C11: 0 | D11: acald[e] <=>
A12: EX_acgam | B12: 0 | C12: 0 | D12: acgam[e] <=>
A13: EX_acmana | B13: 0 | C13: 0 | D13: acmana[e] <=>
A14: EX_acnam | B14: 0 | C14: 0 | D14: acnam[e] <=>
A15: EX_ade | B15: 0 | C15: 0 | D15: ade[e] <=>
A16: EX_adn | B16: 0 | C16: 0 | D16: adn[e] <=>
A17: EX_akg | B17: 0 | C17: 0 | D17: akg[e] <=>
A18: EX_ala-D | B18: 0 | C18: 0 | D18: ala-D[e] <=>
A19: EX_ala-L | B19: 0 | C19: 0 | D19: ala-L[e] <=>
A20: EX_alltn | B20: 0 | C20: 0 | D20: alltn[e] <=>
A21: EX_amp | B21: 0 | C21: 0 | D21: amp[e] <=>
... A44: EX_duri | B44: 0 | C44: 0 | D44: duri[e] <=>
A45: EX_etoh | B45: 0 | C45: 150 | D45: etoh[e] <=> | F45: mixed acid fermentation
A46: EX_fe2 | B46: -150 | C46: 150 | D46: fe2[e] <=>
A47: EX_for | B47: 0 | C47: 150 | D47: for[e] <=> | F47: mixed acid fermentation
A48: EX_fru | B48: -150 | C48: 0 | D48: fru[e] <=> | F48: measurement
A49: EX_fuc1p-L | B49: 0 | C49: 0 | D49: fuc1p-L[e] <=>
A50: EX_fuc-L | B50: 0 | C50: 0 | D50: fuc-L[e] <=>
A51: EX_fum | B51: 0 | C51: 150 | D51: fum[e] <=> | F51: mixed acid fermentation
A52: EX_g6p | B52: 0 | C52: 0 | D52: g6p[e] <=>
A53: EX_gal | B53: -150 | C53: 0 | D53: gal[e] <=> | F53: measurement
A54: EX_galct-D | B54: 0 | C54: 0 | D54: galct-D[e] <=>
A55: EX_galctn-D | B55: 0 | C55: 0 | D55: galctn-D[e] <=>
A56: EX_galt | B56: 0 | C56: 0 | D56: galt[e] <=>
A57: EX_galur | B57: 0 | C57: 0 | D57: galur[e] <=>
A58: EX_gam | B58: 0 | C58: 0 | D58: gam[e] <=>
A59: EX_gbbtn | B59: 0 | C59: 0 | D59: gbbtn[e] <=>
A60: EX_glc | B60: -150 | C60: 0 | D60: glc-D[e] <=> | F60: measurement
A61: EX_glcn | B61: -150 | C61: 0 | D61: glcn[e] <=> | F61: measurement
A62: EX_glcr | B62: 0 | C62: 0 | D62: glcr[e] <=>
A63: EX_glcur | B63: 0 | C63: 0 | D63: glcur[e] <=>
A64: EX_gln-L | B64: 0 | C64: 0 | D64: gln-L[e] <=>
A65: EX_glu-L | B65: 0 | C65: 0 | D65: glu-L[e] <=>
A66: EX_gly | B66: 0 | C66: 0 | D66: gly[e] <=>
A67: EX_glyald | B67: 0 | C67: 0 | D67: glyald[e] <=>
A68: EX_glyb | B68: 0 | C68: 0 | D68: glyb[e] <=>
A69: EX_glyc | B69: -150 | C69: 0 | D69: glyc[e] <=> | F69: measurement
A70: EX_glyc3p | B70: 0 | C70: 0 | D70: glyc3p[e] <=>
A71: EX_glyclt | B71: 0 | C71: 0 | D71: glyclt[e] <=>
A72: EX_gsn | B72: 0 | C72: 0 | D72: gsn[e] <=>
A73: EX_gua | B73: 0 | C73: 0 | D73: gua[e] <=>
A74: EX_h | B74: -150 | C74: 150 | D74: h[e] <=>
A75: EX_h2o | B75: -150 | C75: 150 | D75: h2o[e] <=>
A76: EX_hdca | B76: 0 | C76: 0 | D76: hdca[e] <=>
A77: EX_his-L | B77: 0 | C77: 0 | D77: his-L[e] <=>
A78: EX_hxan | B78: 0 | C78: 0 | D78: hxan[e] <=>
A79: EX_idon-L | B79: 0 | C79: 0 | D79: idon-L[e] <=>
A80: EX_ile-L | B80: 0 | C80: 0 | D80: ile-L[e] <=>
A81: EX_indole | B81: 0 | C81: 0 | D81: indole[e] <=>
... A83: EX_k | B83: -150 | C83: 150 | D83: k[e] <=>
A84: EX_lac-D | B84: 0 | C84: 150 | D84: lac-D[e] <=> | F84: mixed acid fermentation
A85: EX_lac-L | B85: 0 | C85: 0 | D85: lac-L[e] <=>
A86: EX_lcts | B86: 0 | C86: 0 | D86: lcts[e] <=>
A87: EX_leu-L | B87: 0 | C87: 0 | D87: leu-L[e] <=>
A88: EX_lys-L | B88: 0 | C88: 0 | D88: lys-L[e] <=>
A89: EX_mal-L | B89: 0 | C89: 0 | D89: mal-L[e] <=>
A90: EX_malt | B90: 0 | C90: 0 | D90: malt[e] <=>
A91: EX_malthx | B91: 0 | C91: 0 | D91: malthx[e] <=>
A92: EX_maltpt | B92: 0 | C92: 0 | D92: maltpt[e] <=>
A93: EX_malttr | B93: 0 | C93: 0 | D93: malttr[e] <=>
A94: EX_maltttr | B94: 0 | C94: 0 | D94: maltttr[e] <=>
A95: EX_man | B95: 0 | C95: 0 | D95: man[e] <=>
A96: EX_man6p | B96: 0 | C96: 0 | D96: man6p[e] <=>
... A116: EX_ptrc | B116: 0 | C116: 0 | D116: ptrc[e] <=>
A117: EX_pyr | B117: -150 | C117: 0 | D117: pyr[e] <=> | F117: measurement
A118: EX_rib-D | B118: 0 | C118: 0 | D118: rib-D[e] <=>
A119: EX_rmn | B119: 0 | C119: 0 | D119: rmn[e] <=>
A120: EX_sbt-D | B120: 0 | C120: 0 | D120: sbt-D[e] <=>
A121: EX_ser-D | B121: 0 | C121: 0 | D121: ser-D[e] <=>
A122: EX_ser-L | B122: 0 | C122: 0 | D122: ser-L[e] <=>
A123: EX_so4 | B123: -150 | C123: 150 | D123: so4[e] <=>
A124: EX_spmd | B124: 0 | C124: 0 | D124: spmd[e] <=>
A125: EX_succ | B125: -150 | C125: 150 | D125: succ[e] <=> | F125: measurement and mixed acid fermentation
A126: EX_sucr | B126: 0 | C126: 0 | D126: sucr[e] <=>
A127: EX_tartr-L | B127: 0 | C127: 0 | D127: tartr-L[e] <=>
A128: EX_taur | B128: 0 | C128: 0 | D128: taur[e] <=>
A129: EX_thm | B129: 0 | C129: 0 | D129: thm[e] <=>
A130: EX_thr-L | B130: 0 | C130: 0 | D130: thr-L[e] <=>
A131: EX_thymd | B131: 0 | C131: 0 | D131: thymd[e] <=>
A132: EX_tma | B132: 0 | C132: 0 | D132: tma[e] <=>
A133: EX_tmao | B133: 0 | C133: 0 | D133: tmao[e] <=>
A134: EX_tre | B134: 0 | C134: 0 | D134: tre[e] <=>
A135: EX_trp-L | B135: 0 | C135: 0 | D135: trp-L[e] <=>
A136: EX_tsul | B136: 0 | C136: 0 | D136: tsul[e] <=>
A137: EX_ttdca | B137: 0 | C137: 0 | D137: ttdca[e] <=>
... A145: EX_xyl-D | B145: 0 | C145: 0 | D145: xyl-D[e] <=>

Sheet Reactions
A1: Abbrevation | B1: Lower Bound | C1: Upper Bound | D1: Reaction | F1: OfficialName | G1: Subsystem | H1: ProteinClassDescription | I1: Ref. (listed below)
A2: 2DGLCNRx | B2: 0 | C2: 150 | D2: 2dhglcn[c] + nadh[c] <=> glcn[c] + nad[c] | F2: 2-dehydro-D-gluconate reductase (NADH) | G2: Alternate Carbon Metabolism | I2: 121
A3: 2DGLCNRy | B3: 0 | C3: 150 | D3: 2dhglcn[c] + nadph[c] <=> glcn[c] + nadp[c] | F3: 2-dehydro-D-gluconate reductase (NADPH) | G3: Alternate Carbon Metabolism | H3: EC-1.1.1.215 | I3: 121
A4: 2DGULRx | B4: 0 | C4: 150 | D4: 2dhguln[c] + nadh[c] <=> idon-L[c] + nad[c] | F4: 2-dehydro-L-gulonate reductase (NADH) | G4: Alternate Carbon Metabolism | I4: 121
A5: 2DGULRy | B5: 0 | C5: 150 | D5: 2dhguln[c] + nadph[c] <=> idon-L[c] + nadp[c] | F5: 2-dehydro-L-gulonate reductase (NADPH) | G5: Alternate Carbon Metabolism | I5: 121
A6: 3HCINNMH | B6: 0 | C6: 150 | D6: 3hcinnm[c] + nadh[c] + o2[c] <=> dhcinnm[c] + h2o[c] + nad[c] | F6: 3-hydroxycinnamate hydroxylase | G6: Alternate Carbon Metabolism | I6: 24
A7: 3HPPPNH | B7: 0 | C7: 150 | D7: 3hpppn[c] + nadh[c] + o2[c] <=> dhpppn[c] + h2o[c] + nad[c] | F7: 3-(3-hydroxy-phenyl)propionate hydroxylase | G7: Alternate Carbon Metabolism | I7: 24
A8: 4HTHRS | B8: 0 | C8: 150 | D8: h2o[c] + phthr[c] <=> 4hthr[c] + pi[c] | F8: 4-Hydroxy-L-threonine synthase | G8: Cofactor and Prosthetic Group Biosynthesis
A9: 5DGLCNR | B9: -150 | C9: 150 | D9: 5dglcn[c] + nadph[c] <=> glcn[c] + nadp[c] | F9: 5-dehydro-D-gluconate reductase | G9: Alternate Carbon Metabolism | H9: EC-1.1.1.69 | I9: 5
A10: A5PISO | B10: -150 | C10: 150 | D10: ru5p-D[c] <=> ara5p[c] | F10: arabinose-5-phosphate isomerase | G10: Alternate Carbon Metabolism | H10: EC-5.3.1.13
A11: AACPS1 | B11: 0 | C11: 150 | D11: ACP[c] + atp[c] + ttdca[c] <=> amp[c] + myrsACP[c] + ppi[c] | F11: acyl-[acyl-carrier-protein] synthetase (n-C14:0) | G11: Cell Envelope Biosynthesis | H11: EC-6.2.1.20 | I11: 52
A12: AACPS2 | B12: 0 | C12: 150 | D12: ACP[c] + atp[c] + ttdcea[c] <=> amp[c] + ppi[c] + tdeACP[c] | F12: acyl-[acyl-carrier-protein] synthetase (n-C14:1) | G12: Cell Envelope Biosynthesis | H12: EC-6.2.1.20 | I12: 52
A13: AACPS3 | B13: 0 | C13: 150 | D13: ACP[c] + atp[c] + hdca[c] <=> amp[c] + palmACP[c] + ppi[c] | F13: acyl-[acyl-carrier-protein] synthetase (n-C16:0) | G13: Cell Envelope Biosynthesis | H13: EC-6.2.1.20 | I13: 52
A14: AACPS4 | B14: 0 | C14: 150 | D14: ACP[c] + atp[c] + hdcea[c] <=> amp[c] + hdeACP[c] + ppi[c] | F14: acyl-[acyl-carrier-protein] synthetase (n-C16:1) | G14: Cell Envelope Biosynthesis | H14: EC-6.2.1.20 | I14: 52
A15: AACPS5 | B15: 0 | C15: 150 | D15: ACP[c] + atp[c] + ocdcea[c] <=> amp[c] + octeACP[c] + ppi[c] | F15: acyl-[acyl-carrier-protein] synthetase (n-C18:1) | G15: Cell Envelope Biosynthesis | H15: EC-6.2.1.20 | I15: 52
A16: AADDGT | B16: 0 | C16: 150 | D16: dtdp4aaddg[c] + unagamu[c] <=> dtdp[c] + unagamuf[c] | F16: dTDP-N-4-acetamido-4,6-dideoxy-D-galactose transferase | G16: Cell Envelope Biosynthesis | I16: 90
A17: AB6PGH | B17: 0 | C17: 150 | D17: arbt6p[c] + h2o[c] <=> g6p[c] + hqn[c] | F17: Arbutin 6-phosphate glucohydrolase | G17: Alternate Carbon Metabolism | H17: EC-3.2.1.86 | I17: 88
A18: ABTA | B18: 0 | C18: 150 | D18: 4abut[c] + akg[c] <=> glu-L[c] + sucsal[c] | F18: 4-aminobutyrate transaminase | G18: Arginine and Proline Metabolism | H18: EC-2.6.1.19
A19: ABUTD | B19: 0 | C19: 150 | D19: 4abutn[c] + h2o[c] + nad[c] <=> 4abut[c] + nadh[c] | F19: Aminobutyraldehyde dehydrogenase | G19: Arginine and Proline Metabolism | H19: EC-1.2.1.19
A20: ACACCT | B20: 0 | C20: 150 | D20: acac[c] + accoa[c] <=> aacoa[c] + ac[c] | F20: acetyl-CoA:acetoacetyl-CoA transferase | G20: Alternate Carbon Metabolism | I20: 129
A21: ACACT1r | B21: -150 | C21: 150 | D21: (2) accoa[c] <=> aacoa[c] + coa[c] | F21: acetyl-CoA C-acetyltransferase | G21: Membrane Lipid Metabolism | H21: EC-2.3.1.9
A22: ACALDi | B22: 0 | C22: 150 | D22: acald[c] + coa[c] + nad[c] <=> accoa[c] + nadh[c] | F22: acetaldehyde dehydrogenase (acetylating) | G22: Alternate Carbon Metabolism | H22: EC-1.2.1.10
A23: ACBIPGT | B23: 0 | C23: 150 | D23: adocbip[c] + gtp[c] <=> agdpcbi[c] + ppi[c] | F23: Adenosyl cobinamide phosphate guanyltransferase | G23: Cofactor and Prosthetic Group Biosynthesis | I23: 67
A24: ACCOACr | B24: -150 | C24: 150 | D24: accoa[c] + atp[c] + h2o[c] + co2tot[c] <=> adp[c] + malcoa[c] + pi[c] + h2o[c] | F24: acetyl-CoA carboxylate, reversible reaction | G24: Membrane Lipid Metabolism | H24: EC-6.4.1.2
A25: ACCOAL | B25: 0 | C25: 150 | D25: atp[c] + coa[c] + ppa[c] <=> adp[c] + pi[c] + ppcoa[c] | F25: acetate-CoA ligase (ADP-forming) | G25: Alternate Carbon Metabolism | H25: EC-6.2.1.13 | I25: 106
A26: ACGAMT | B26: 0 | C26: 150 | D26: uacgam[c] + udcpp[c] <=> ump[c] + unaga[c] | F26: UDP-N-acetylglucosamine:undecaprenylphosphate N-acetylglucosamine -1-phosphate transferase | G26: Cell Envelope Biosynthesis | I26: 23
A27: ACGK | B27: 0 | C27: 150 | D27: acglu[c] + atp[c] <=> acg5p[c] + adp[c] | F27: acetylglutamate kinase | G27: Arginine and Proline Metabolism | H27: EC-2.7.2.8
A28: ACGS | B28: 0 | C28: 150 | D28: accoa[c] + glu-L[c] <=> acglu[c] + coa[c] | F28: N-acetylglutamate synthase | G28: Arginine and Proline Metabolism | H28: EC-2.3.1.1
A29: ACHBS | B29: 0 | C29: 150 | D29: 2obut[c] + pyr[c] + h2o[c] <=> 2ahbut[c] + co2tot[c] | F29: 2-aceto-2-hydroxybutanoate synthase | G29: Valine, leucine, and isoleucine metabolism
A30: ACKr | B30: -150 | C30: 150 | D30: ac[c] + atp[c] <=> actp[c] + adp[c] | F30: acetate kinase | G30: Pyruvate metabolism | H30: EC-2.7.2.1
A31: ACLS | B31: 0 | C31: 150 | D31: (2) pyr[c] + h2o[c] <=> alac-S[c] + co2tot[c] | F31: acetolactate synthase | G31: Valine, leucine, and isoleucine metabolism | H31: EC-4.1.3.18
A32: ACMAMUT | B32: 0 | C32: 150 | D32: uacmamu[c] + unaga[c] <=> udp[c] + unagamu[c] | F32: UDP-N-acetyl-D-mannosaminuronic acid transferase | G32: Cell Envelope Biosynthesis | I32: 23
A33: ACNML | B33: 0 | C33: 150 | D33: acnam[c] <=> acmana[c] + pyr[c] | F33: N-Acetylneuraminate lyase | G33: Alternate Carbon Metabolism | H33: EC-4.1.3.3
A34: ACOATA | B34: -150 | C34: 150 | D34: accoa[c] + ACP[c] <=> acACP[c] + coa[c] | F34: Acetyl-CoA ACP transacylase | G34: Membrane Lipid Metabolism | H34: EC-2.3.1.38
A35: ACODA | B35: 0 | C35: 150 | D35: acorn[c] + h2o[c] <=> ac[c] + orn[c] | F35: acetylornithine deacetylase | G35: Arginine and Proline Metabolism | H35: EC-3.5.1.16
A36: ACONMT | B36: 0 | C36: 150 | D36: acon-T[c] + amet[c] <=> aconm[c] + ahcys[c] | F36: Trans-aconitate methyltransferase | G36: Unassigned | I36: 14,15
A37: ACONT | B37: -150 | C37: 150 | D37: cit[c] <=> icit[c] | F37: aconitase | G37: Citrate Cycle (TCA) | H37: EC-4.2.1.3
A38: ACOTA | B38: -150 | C38: 150 | D38: acorn[c] + akg[c] <=> acg5sa[c] + glu-L[c] | F38: acetylornithine transaminase | G38: Arginine and Proline Metabolism | H38: EC-2.6.1.11
A39: ACPS1 | B39: 0 | C39: 150 | D39: apoACP[c] + coa[c] <=> ACP[c] + pap[c] | F39: acyl-carrier protein synthase | G39: Cofactor and Prosthetic Group Biosynthesis | H39: EC-2.7.8.7
A40: ACS | B40: 0 | C40: 150 | D40: ac[c] + atp[c] + coa[c] <=> accoa[c] + amp[c] + ppi[c] | F40: acetyl-CoA synthetase | G40: Pyruvate metabolism | H40: EC-6.2.1.1
A41: ADA | B41: 0 | C41: 150 | D41: adn[c] + h2o[c] <=> ins[c] + nh3[c] | F41: Adenosine deaminase | G41: Nucleotide Salvage Pathways | H41: EC-3.5.4.4
A42: ADCL | B42: 0 | C42: 150 | D42: 4adcho[c] <=> 4abz[c] + pyr[c] | F42: 4-aminobenzoate synthase | G42: Cofactor and Prosthetic Group Biosynthesis
A43: ADCS | B43: 0 | C43: 150 | D43: chor[c] + gln-L[c] <=> 4adcho[c] + glu-L[c] | F43: 4-amino-4-deoxychorismate synthase | G43: Cofactor and Prosthetic Group Biosynthesis
A44: ADD | B44: 0 | C44: 150 | D44: ade[c] + h2o[c] <=> hxan[c] + nh3[c] | F44: adenine deaminase | G44: Nucleotide Salvage Pathways | H44: EC-3.5.4.2
A45: ADHEr | B45: -150 | C45: 150 | D45: accoa[c] + (2) nadh[c] <=> coa[c] + etoh[c] + (2) nad[c] | F45: Acetaldehyde dehydrogenase | G45: Pyruvate metabolism | H45: EC-Undetermined
A46: ADK1 | B46: -150 | C46: 150 | D46: amp[c] + atp[c] <=> (2) adp[c] | F46: adenylate kinase | G46: Nucleotide Salvage Pathways | H46: EC-2.7.4.3
A47: ADK3 | B47: -150 | C47: 150 | D47: amp[c] + gtp[c] <=> adp[c] + gdp[c] | F47: adentylate kinase (GTP) | G47: Nucleotide Salvage Pathways
A48: ADK4 | B48: -150 | C48: 150 | D48: amp[c] + itp[c] <=> adp[c] + idp[c] | F48: adentylate kinase (ITP) | G48: Nucleotide Salvage Pathways
A49: ADMDCr | B49: -150 | C49: 150 | D49: amet[c] + h2o[c] <=> ametam[c] + co2tot[c] | F49: Adenosylmethionine decarboxylase | G49: Arginine and Proline Metabolism | H49: EC-4.1.1.50
A50: ADNCYC | B50: 0 | C50: 150 | D50: atp[c] <=> camp[c] + ppi[c] | F50: adenylate cyclase | G50: Nucleotide Salvage Pathways | H50: EC-4.6.1.1 | I50: 58
A51: ADNK1 | B51: 0 | C51: 150 | D51: adn[c] + atp[c] <=> adp[c] + amp[c] | F51: adenosine kinase | G51: Nucleotide Salvage Pathways | H51: EC-2.7.1.20
A52: ADOCBIK | B52: 0 | C52: 150 | D52: adocbi[c] + atp[c] <=> adocbip[c] + adp[c] | F52: Adenosyl cobinamide kinase | G52: Cofactor and Prosthetic Group Biosynthesis | I52: 67
A53: ADOCBLS | B53: 0 | C53: 150 | D53: agdpcbi[c] + rdmbzi[c] <=> adocbl[c] + gmp[c] | F53: Adenosylcobalamin 5'-phosphate synthase | G53: Cofactor and Prosthetic Group Biosynthesis | I53: 67
A54: ADPT | B54: 0 | C54: 150 | D54: ade[c] + prpp[c] <=> amp[c] + ppi[c] | F54: adenine phosphoribosyltransferase | G54: Nucleotide Salvage Pathways | H54: EC-2.4.2.7
A55: ADSK | B55: 0 | C55: 150 | D55: aps[c] + atp[c] <=> adp[c] + paps[c] | F55: adenylyl-sulfate kinase | G55: Cysteine Metabolism | H55: EC-2.7.1.25
A56: ADSL1r | B56: -150 | C56: 150 | D56: dcamp[c] <=> amp[c] + fum[c] | F56: adenylsuccinate lyase | G56: Purine and Pyrimidine Biosynthesis | H56: EC-4.3.2.2
A57: ADSL2r | B57: -150 | C57: 150 | D57: 25aics[c] <=> aicar[c] + fum[c] | F57: adenylosuccinate lyase | G57: Purine and Pyrimidine Biosynthesis | H57: EC-4.3.2.2
A58: ADSS | B58: 0 | C58: 150 | D58: asp-L[c] + gtp[c] + imp[c] <=> dcamp[c] + gdp[c] + pi[c] | F58: adenylosuccinate synthase | G58: Purine and Pyrimidine Biosynthesis | H58: EC-6.3.4.4
A59: AGDC | B59: 0 | C59: 150 | D59: acgam6p[c] + h2o[c] <=> ac[c] + gam6p[c] | F59: N-acetylglucosamine-6-phosphate deacetylase | G59: Alternate Carbon Metabolism | H59: EC-3.5.1.25
A60: AGMHE | B60: 0 | C60: 150 | D60: adphep-DD[c] <=> adphep-LD[c] | F60: ADP-D-glycero-D-manno-heptose epimerase | G60: Cell Envelope Biosynthesis | H60: EC-5.1.3.20 | I60: 63
A61: AGMT | B61: 0 | C61: 150 | D61: agm[c] + h2o[c] <=> ptrc[c] + urea[c] | F61: agmatinase | G61: Arginine and Proline Metabolism | H61: EC-3.5.3.11
A62: AGPR | B62: -150 | C62: 150 | D62: acg5sa[c] + nadp[c] + pi[c] <=> acg5p[c] + nadph[c] | F62: N-acetyl-g-glutamyl-phosphate reductase | G62: Arginine and Proline Metabolism | H62: EC-1.2.1.38
A63: AHC | B63: -150 | C63: 150 | D63: ahcys[c] + h2o[c] <=> adn[c] + hcys-L[c] | F63: adenosylhomocysteinase | G63: Methionine Metabolism | H63: EC-3.3.1.1 | I63: 115
A64: AHCYSNS | B64: 0 | C64: 150 | D64: ahcys[c] + h2o[c] <=> ade[c] + rhcys[c] | F64: S-adenosylhomocysteine nucleosidase | G64: Methionine Metabolism | H64: EC-3.2.2.9 | I64: 21115
A65: AICART | B65: -150 | C65: 150 | D65: 10fthf[c] + aicar[c] <=> fprica[c] + thf[c] | F65: phosphoribosylaminoimidazolecarboxamide formyltransferase | G65: Purine and Pyrimidine Biosynthesis | H65: EC-2.1.2.3
A66: AIRC2 | B66: 0 | C66: 150 | D66: air[c] + atp[c] + co2tot[c] + h2o[c] <=> 5caiz[c] + adp[c] + pi[c] + h2o[c] | F66: phosphoribosylaminoimidazole carboxylase | G66: Purine and Pyrimidine Biosynthesis | I66: 73
A67: AIRC3 | B67: -150 | C67: 150 | D67: 5aizc[c] <=> 5caiz[c] | F67: phosphoribosylaminoimidazole carboxylase (mutase rxn) | G67: Purine and Pyrimidine Biosynthesis | I67: 73
A68: ALAALAr | B68: -150 | C68: 150 | D68: (2) ala-D[c] + atp[c] <=> adp[c] + alaala[c] + pi[c] | F68: D-alanine-D-alanine ligase (reversible) | G68: Cell Envelope Biosynthesis | H68: EC-6.3.2.4
A69: ALAR | B69: -150 | C69: 150 | D69: ala-L[c] <=> ala-D[c] | F69: alanine racemase | G69: Alanine and aspartate metabolism | H69: EC-5.1.1.1
A70: ALATAD2 | B70: 0 | C70: 150 | D70: ala-D[c] + pydx5p[c] <=> pyam5p[c] + pyr[c] | F70: D-alanine transaminase | G70: Cofactor and Prosthetic Group Biosynthesis | I70: 98
A71: ALATAL | B71: -150 | C71: 150 | D71: akg[c] + ala-L[c] <=> glu-L[c] + pyr[c] | F71: L-alanine transaminase | G71: Alanine and aspartate metabolism | H71: EC-2.6.1.2
A72: ALATAL2 | B72: 0 | C72: 150 | D72: ala-L[c] + pydx5p[c] <=> pyam5p[c] + pyr[c] | F72: alanine transaminase | G72: Cofactor and Prosthetic Group Biosynthesis
A73: ALCD19 | B73: -150 | C73: 150 | D73: glyald[c] + nadh[c] <=> glyc[c] + nad[c] | F73: alcohol dehydrogenase (glycerol) | G73: Alternate Carbon Metabolism | H73: EC-1.1.1.1
A74: ALDD19x | B74: 0 | C74: 150 | D74: h2o[c] + nad[c] + pacald[c] <=> nadh[c] + pac[c] | F74: phenylacetaldehyde dehydrogenase | G74: Alternate Carbon Metabolism | H74: EC-1.2.1.39 | I74: 25,33
A75: ALDD2x | B75: 0 | C75: 150 | D75: acald[c] + h2o[c] + nad[c] <=> ac[c] + nadh[c] | F75: aldehyde dehydrogenase (acetaldehyde, NAD) | G75: Alternate Carbon Metabolism | H75: EC-1.2.1.3
A76: ALLTAH | B76: 0 | C76: 150 | D76: alltt[c] + h2o[c] <=> urdglyc[c] + urea[c] | F76: Allantoate amidohydrolase | G76: Nitrogen | H76: EC-3.5.3.4 | I76: 22
A77: alltn | B77: 0 | C77: 150 | D77: alltn[c] + h2o[c] <=> alltt[c] | F77: allantoinase | G77: Nitrogen | H77: EC-3.5.2.5 | I77: 22
A78: ALTRH | B78: 0 | C78: 150 | D78: altrn[c] <=> 2ddglcn[c] + h2o[c] | F78: altronate hydrolase | G78: Alternate Carbon Metabolism | H78: EC-4.2.1.7 | I78: 132
A79: AMALT1 | B79: 0 | C79: 150 | D79: malt[c] + malttr[c] <=> glc-D[c] + maltttr[c] | F79: Amylomaltase (maltotriose) | G79: Alternate Carbon Metabolism | H79: EC-2.4.1.25 | I79: 10
A80: AMALT2 | B80: 0 | C80: 150 | D80: malt[c] + maltttr[c] <=> glc-D[c] + maltpt[c] | F80: Amylomaltase (maltotetraose) | G80: Alternate Carbon Metabolism | H80: EC-2.4.1.25 | I80: 10
A81: AMALT3 | B81: 0 | C81: 150 | D81: malt[c] + maltpt[c] <=> glc-D[c] + malthx[c] | F81: Amylomaltase (maltopentaose) | G81: Alternate Carbon Metabolism | H81: EC-2.4.1.25 | I81: 10
A82: AMALT4 | B82: 0 | C82: 150 | D82: malt[c] + malthx[c] <=> glc-D[c] + malthp[c] | F82: Amylomaltase (maltohexaose) | G82: Alternate Carbon Metabolism | H82: EC-2.4.1.25 | I82: 10
A83: AMANAPE | B83: 0 | C83: 150 | D83: acmanap[c] <=> acgam6p[c] | F83: N-acetylmannosamine 6-phoshpate epimerase | G83: Putative | I83: 84
A84: AMANK | B84: 0 | C84: 150 | D84: acmana[c] + atp[c] <=> acmanap[c] + adp[c] | F84: N-acetyl-D-mannosamine kinase | G84: Putative | H84: EC-2.7.1.60 | I84: 84
A85: AMAOTr | B85: -150 | C85: 150 | D85: 8aonn[c] + amet[c] <=> amob[c] + dann[c] | F85: adenosylmethionine-8-amino-7-oxononanoate transaminase | G85: Cofactor and Prosthetic Group Biosynthesis | H85: EC-2.6.1.62
A86: AMMQT82 | B86: 0 | C86: 150 | D86: 2dmmq8[c] + amet[c] <=> ahcys[c] + mqn8[c] | F86: S-adenosylmethione:2-demethylmenaquinone methyltransferase | G86: Cofactor and Prosthetic Group Biosynthesis
A87: AMPMS | B87: 0 | C87: 150 | D87: air[c] + h2o[c] <=> 4ampm[c] + (2) for[c] | F87: 4-amino-2-methyl-5-phosphomethylpyrimidine synthetase | G87: Cofactor and Prosthetic Group Biosynthesis
A88: AMPN | B88: 0 | C88: 150 | D88: amp[c] + h2o[c] <=> ade[c] + r5p[c] | F88: AMP nucleosidase | G88: Nucleotide Salvage Pathways | H88: EC-3.2.2.4
A89: ANPRT | B89: 0 | C89: 150 | D89: anth[c] + prpp[c] <=> ppi[c] + pran[c] | F89: anthranilate phosphoribosyltransferase | G89: Tyrosine, Tryptophan, and Phenylalanine Metabolism | H89: EC-2.4.2.18
A90: ANS | B90: 0 | C90: 150 | D90: chor[c] + gln-L[c] <=> anth[c] + glu-L[c] + pyr[c] | F90: anthranilate synthase | G90: Tyrosine, Tryptophan, and Phenylalanine Metabolism | H90: EC-4.1.3.27
A91: AOXSr | B91: -150 | C91: 150 | D91: ala-L[c] + pmcoa[c] + h2o[c] <=> 8aonn[c] + co2tot[c] + coa[c] | F91: 8-amino-7-oxononanoate synthase | G91: Cofactor and Prosthetic Group Biosynthesis | H91: EC-2.3.1.47
A92: AP4AH | B92: 0 | C92: 150 | D92: ap4a[c] + h2o[c] <=> (2) adp[c] | F92: Ap4A hydrolase | G92: Nucleotide Salvage Pathways | H92: EC-3.6.1.41 | I92: 41
A93: AP5AH | B93: 0 | C93: 150 | D93: ap5a[c] + h2o[c] <=> adp[c] + atp[c] | F93: Ap5A hydrolase | G93: Nucleotide Salvage Pathways | I93: 41
A94: APRAUR | B94: 0 | C94: 150 | D94: 5apru[c] + nadph[c] <=> 5aprbu[c] + nadp[c] | F94: 5-amino-6-(5-phosphoribosylamino)uracil reductase | G94: Cofactor and Prosthetic Group Biosynthesis | H94: EC-1.1.1.193
A95: ARAI | B95: -150 | C95: 150 | D95: arab-L[c] <=> rbl-L[c] | F95: L-arabinose isomerase | G95: Alternate Carbon Metabolism | H95: EC-5.3.1.4
A96: ARGDC | B96: 0 | C96: 150 | D96: arg-L[c] + h2o[c] <=> agm[c] + co2tot[c] | F96: arginine decarboxylase | G96: Arginine and Proline Metabolism | H96: EC-4.1.1.19
A97: ARGSL | B97: -150 | C97: 150 | D97: argsuc[c] <=> arg-L[c] + fum[c] | F97: argininosuccinate lyase | G97: Arginine and Proline Metabolism | H97: EC-4.3.2.1
A98: ARGSS | B98: 0 | C98: 150 | D98: asp-L[c] + atp[c] + citr-L[c] <=> amp[c] + argsuc[c] + ppi[c] | F98: argininosuccinate synthase | G98: Arginine and Proline Metabolism | H98: EC-6.3.4.5
A99: ASAD | B99: -150 | C99: 150 | D99: aspsa[c] + nadp[c] + pi[c] <=> 4pasp[c] + nadph[c] | F99: aspartate-semialdehyde dehydrogenase | G99: Threonine and Lysine Metabolism | H99: EC-1.2.1.11
A100: ASNN | B100: 0 | C100: 150 | D100: asn-L[c] + h2o[c] <=> asp-L[c] + nh3[c] | F100: L-asparaginase | G100: Alanine and aspartate metabolism | H100: EC-3.5.1.1
...

Sheet Biomass Composition
A1: Abbrevation | B1: Lower Bound | C1: Upper Bound | D1: Reaction | G1: including ATPM
A2: biomass | B2: 0 | C2: 150 | D2: (0.05) 5mthf[c] + (0.00005) accoa[c] + (0.488) ala-L[c] + (0.0010) amp[c] + (0.281) arg-L[c] + (0.229) asn-L[c] + (0.229) asp-L[c] + (22.873) atp[c] + (0.000129) clpnEC[c] + (0.000006) coa[c] + (0.126) ctp[c] + (0.087) cys-L[c] + (0.0247) datp[c] + (0.0254) dctp[c] + (0.0254) dgtp[c] + (0.0247) dttp[c] + (0.00001) fad[c] + (0.25) gln-L[c] + (0.25) glu-L[c] + (0.582) gly[c] + (0.154) glycogen[c] + (0.203) gtp[c] + (22.6878) h2o[c] + (0.09) his-L[c] + (0.276) ile-L[c] + (0.428) leu-L[c] + (0.0084) lpsEC[c] + (0.326) lys-L[c] + (0.146) met-L[c] + (0.00215) nad[c] + (0.00005) nadh[c] + (0.00013) nadp[c] + (0.0004) nadph[c] + (0.001935) peEC[c] + (0.0276) peptidoEC[c] + (0.000464) pgEC[c] + (0.176) phe-L[c] + (0.21) pro-L[c] + (0.000052) psEC[c] + (0.035) ptrc[c] + (0.205) ser-L[c] + (0.0070) spmd[c] + (0.000003) succoa[c] + (0.241) thr-L[c] + (0.054) trp-L[c] + (0.131) tyr-L[c] + (0.0030) udpg[c] + (0.136) utp[c] + (0.402) val-L[c] <=> (22.6878) adp[c] + (22.6898) pi[c] + (0.7302) ppi[c] | G2: (0.05) 5mthf[c] + (0.00005) accoa[c] + (0.488) ala-L[c] + (0.0010) amp[c] + (0.281) arg-L[c] + (0.229) asn-L[c] + (0.229) asp-L[c] + (45.7318) atp[c] + (0.000129) clpnEC[c] + (0.000006) coa[c] + (0.126) ctp[c] + (0.087) cys-L[c] + (0.0247) datp[c] + (0.0254) dctp[c] + (0.0254) dgtp[c] + (0.0247) dttp[c] + (0.00001) fad[c] + (0.25) gln-L[c] + (0.25) glu-L[c] + (0.582) gly[c] + (0.154) glycogen[c] + (0.203) gtp[c] + (45.5608) h2o[c] + (0.09) his-L[c] + (0.276) ile-L[c] + (0.428) leu-L[c] + (0.0084) lpsEC[c] + (0.326) lys-L[c] + (0.146) met-L[c] + (0.00215) nad[c] + (0.00005) nadh[c] + (0.00013) nadp[c] + (0.0004) nadph[c] + (0.001935) peEC[c] + (0.0276) peptidoEC[c] + (0.000464) pgEC[c] + (0.176) phe-L[c] + (0.21) pro-L[c] + (0.000052) psEC[c] + (0.035) ptrc[c] + (0.205) ser-L[c] + (0.0070) spmd[c] + (0.000003) succoa[c] + (0.241) thr-L[c] + (0.054) trp-L[c] + (0.131) tyr-L[c] + (0.0030) udpg[c] + (0.136) utp[c] + (0.402) val-L[c] <=> (45.5608) adp[c] + (45.56035) h[c] + (45.5628) pi[c] + (0.7302) ppi[c] | J2: (0.05) 5mthf[c] + (0.00005) accoa[c] + (0.488) ala-L[c] + (0.0010) amp[c] + (0.281) arg-L[c] + (0.229) asn-L[c] + (0.229) asp-L[c] + (0.1852) atp[c] + (0.000129) clpnEC[c] + (0.000006) coa[c] + (0.126) ctp[c] + (0.087) cys-L[c] + (0.0247) datp[c] + (0.0254) dctp[c] + (0.0254) dgtp[c] + (0.0247) dttp[c] + (0.00001) fad[c] + (0.25) gln-L[c] + (0.25) glu-L[c] + (0.582) gly[c] + (0.154) glycogen[c] + (0.203) gtp[c] + (0.09) his-L[c] + (0.276) ile-L[c] + (0.428) leu-L[c] + (0.0084) lpsEC[c] + (0.326) lys-L[c] + (0.146) met-L[c] + (0.00215) nad[c] + (0.00005) nadh[c] + (0.00013) nadp[c] + (0.0004) nadph[c] + (0.001935) peEC[c] + (0.0276) peptidoEC[c] + (0.000464) pgEC[c] + (0.176) phe-L[c] + (0.21) pro-L[c] + (0.000052) psEC[c] + (0.035) ptrc[c] + (0.205) ser-L[c] + (0.0070) spmd[c] + (0.000003) succoa[c] + (0.241) thr-L[c] + (0.054) trp-L[c] + (0.131) tyr-L[c] + (0.0030) udpg[c] + (0.136) utp[c] + (0.402) val-L[c] <=> (0.002) pi[c] + (0.7302) ppi[c]

Sheet Transmembrane reactions
A1: Abbrevation | B1: Lower Bound | C1: Upper Bound | D1: Reaction | E1: Intracellular part | F1: Transmembrane transport | G1: Transport map | I1: OfficialName | J1: reed Formula | K1: Subsystem | L1: EC Number | M1: ref
A2: 12PPDt | B2: -150 | C2: 150 | D2: 12ppd-S[e] <=> 12ppd-S[c] | F2: 12ppd-S{0}[e] <=> 12ppd-S{0}[c] | G2: c|>|e | I2: S-Propane-1,2-diol facilitated transport | J2: 12ppd-S[e] <=> 12ppd-S[c] | K2: Transport, Extracellular | M2: 125
A3: ABUTt2 | B3: 0 | C3: 150 | D3: 4abut[e] <=> 4abut[c] | F3: 4abut{0}[e] <=> 4abut{0}[c] | G3: c|>|e | I3: 4-aminobutyrate transport in via proton symport | J3: 4abut[e] + h[e] <=> 4abut[c] + h[c] | K3: Transport, Extracellular
A4: ACACt2 | B4: -150 | C4: 150 | D4: acac[e] <=> acac[c] | F4: acac{-1}[e] + h{1}[e] <=> acac{-1}[c] + h{1}[c] | G4: c|>|e | I4: acetoacetate transport via proton symport | J4: acac[e] + h[e] <=> acac[c] + h[c] | K4: Putative Transporters
A5: ACALDt | B5: -150 | C5: 150 | D5: acald[e] <=> acald[c] | F5: acald{0}[e] <=> acald{0}[c] | G5: c|>|e | I5: acetaldehyde reversible transport | J5: acald[e] <=> acald[c] | K5: Transport, Extracellular
A6: ACGApts | B6: -150 | C6: 150 | D6: acgam[e] + pep[c] <=> acgam6p[c] + pyr[c] | E6: acgam[c] + pep[c] <=> acgam6p[c] + pyr[c] | F6: acgam{0}[e] <=> acgam{0}[c] | G6: c|>|e | I6: N-Acetyl-D-glucosamine transport via PEP:Pyr PTS | J6: acgam[e] + pep[c] <=> acgam6p[c] + pyr[c] | K6: Transport, Extracellular | M6: 132
A7: ACMANApts | B7: -150 | C7: 150 | D7: acmana[e] + pep[c] <=> acmanap[c] + pyr[c] | E7: acmana[c] + pep[c] <=> acmanap[c] + pyr[c] | F7: acmana{0}[e] <=> acmana{0}[c] | G7: c|>|e | I7: N-acetyl-D-mannosamine transport via PTS | J7: acmana[e] + pep[c] <=> acmanap[c] + pyr[c] | K7: Transport, Extracellular | M7: 84
A8: ACNAMt2 | B8: -150 | C8: 150 | D8: acnam[e] <=> acnam[c] | F8: acnam{-1}[e] + h{1}[e] <=> acnam{-1}[c] + h{1}[c] | G8: c|>|e | I8: N-acetylneuraminate proton symport | J8: acnam[e] + h[e] <=> acnam[c] + h[c] | K8: Transport, Extracellular
A9: ACt2r | B9: -150 | C9: 150 | D9: ac[e] <=> ac[c] | F9: ac{-1}[e] + h{1}[e] <=> ac{-1}[c] + h{1}[c] | G9: c|>|e | I9: acetate reversible transport via proton symport | J9: ac[e] + h[e] <=> ac[c] + h[c] | K9: Transport, Extracellular
A10: ADEt2r | B10: -150 | C10: 150 | D10: ade[e] <=> ade[c] | F10: ade{0}[e] <=> ade{0}[c] | G10: c|>|e | I10: adenine transport via proton symport (reversible) | J10: ade[e] + h[e] <=> ade[c] + h[c] | K10: Transport, Extracellular
A11: ADNt2 | B11: -150 | C11: 150 | D11: adn[e] <=> adn[c] | F11: adn{0}[e] <=> adn{0}[c] | G11: c|>|e | I11: adenosine transport in via proton symport | J11: adn[e] + h[e] <=> adn[c] + h[c] | K11: Transport, Extracellular
A12: AKGt2r | B12: -150 | C12: 150 | D12: akg[e] <=> akg[c] | F12: akg{-2}[e] + (2) h{1}[e] <=> akg{-2}[c] + (2) h{1}[c] | G12: c|>|e | I12: 2-oxoglutarate reversible transport via symport | J12: akg[e] + h[e] <=> akg[c] + h[c] | K12: Transport, Extracellular
A13: ALAabc | B13: 0 | C13: 150 | D13: ala-L[e] + (2) atp[c] + (2) h2o[c] <=> (2) adp[c] + ala-L[c] + (2) pi[c] | E13: (2) atp[c] + (2) h2o[c] <=> (2) adp[c] + (2) pi[c] | F13: ala-L{0}[e] <=> ala-L{0}[c] | G13: c|>|e | I13: L-alanine transport via ABC system | J13: ala-L[e] + atp[c] + h2o[c] <=> adp[c] + ala-L[c] + h[c] + pi[c] | K13: Transport, Extracellular | M13: 93
A14: ALARi | B14: -150 | C14: 150 | D14: ala-L[e] <=> ala-L[c] | F14: ala-L{0}[e] <=> ala-L{0}[c] | G14: c|>|e | I14: alanine racemase (irreversible) | J14: ala-L[c] <=> ala-D[c] | K14: Alanine and aspartate metabolism | L14: EC-5.1.1.1
A15: ALLTNt2r | B15: -150 | C15: 150 | D15: alltn[e] <=> alltn[c] | F15: alltn{0}[e] <=> alltn{0}[c] | G15: c|>|e | I15: allantoin transport in via proton symport | J15: alltn[e] + h[e] <=> alltn[c] + h[c] | K15: Putative Transporters
A16: ARBabc | B16: 0 | C16: 150 | D16: arab-L[e] + (2) atp[c] + (2) h2o[c] <=> (2) adp[c] + arab-L[c] + (2) pi[c] | E16: (2) atp[c] + (2) h2o[c] <=> (2) adp[c] + (2) pi[c] | F16: arab-L{0}[e] <=> arab-L{0}[c] | G16: c|>|e | I16: L-arabinose transport via ABC system | J16: arab-L[e] + atp[c] + h2o[c] <=> adp[c] + arab-L[c] + h[c] + pi[c] | K16: Transport, Extracellular
A17: ARBt2r | B17: -150 | C17: 150 | D17: arab-L[e] <=> arab-L[c] | F17: arab-L{0}[e] <=> arab-L{0}[c] | G17: c|>|e | I17: L-arabinose transport via proton symport | J17: arab-L[e] + h[e] <=> arab-L[c] + h[c] | K17: Transport, Extracellular
A18: ARGabc | B18: 0 | C18: 150 | D18: arg-L[e] + (2) atp[c] + (2) h2o[c] <=> (2) adp[c] + arg-L[c] + (2) pi[c] | E18: (2) atp[c] + (2) h2o[c] <=> (2) adp[c] + (2) pi[c] | F18: arg-L{1}[e] <=> arg-L{1}[c] | G18: c|>|e | I18: L-arginine transport via ABC system | J18: arg-L[e] + atp[c] + h2o[c] <=> adp[c] + arg-L[c] + h[c] + pi[c] | K18: Transport, Extracellular
A19: ARGORNt7 | B19: -150 | C19: 150 | D19: arg-L[e] + orn[c] <=> arg-L[c] + orn[e] | F19: arg-L{1}[e] + orn{1}[c] <=> arg-L{1}[c] + orn{1}[e] | G19: c|>|e | I19: arginine/ornithine antiporter | J19: arg-L[e] + orn[c] <=> arg-L[c] + orn[e] | K19: Putative Transporters
A20: ASNabc | B20: 0 | C20: 150 | D20: asn-L[e] + (2) atp[c] + (2) h2o[c] <=> (2) adp[c] + asn-L[c] + (2) pi[c] | E20: (2) atp[c] + (2) h2o[c] <=> (2) adp[c] + (2) pi[c] | F20: asn-L{0}[e] <=> asn-L{0}[c] | G20: c|>|e | I20: L-asparagine transport via ABC system | J20: asn-L[e] + atp[c] + h2o[c] <=> adp[c] + asn-L[c] + h[c] + pi[c] | K20: Transport, Extracellular
A21: ASNt2r | B21: -150 | C21: 150 | D21: asn-L[e] <=> asn-L[c] | F21: asn-L{0}[e] <=> asn-L{0}[c] | G21: c|>|e | I21: L-asparagine reversible transport via proton symport | J21: asn-L[e] + h[e] <=> asn-L[c] + h[c] | K21: Transport, Extracellular
A22: ASPabc | B22: 0 | C22: 150 | D22: asp-L[e] + (2) atp[c] + (2) h2o[c] <=> (2) adp[c] + asp-L[c] + (2) pi[c] | E22: (2) atp[c] + (2) h2o[c] <=> (2) adp[c] + (2) pi[c] | F22: asp-L{-1}[e] <=> asp-L{-1}[c] | G22: c|>|e | I22: L-aspartate transport via ABC system | J22: asp-L[e] + atp[c] + h2o[c] <=> adp[c] + asp-L[c] + h[c] + pi[c] | K22: Transport, Extracellular
A23: ASPt2 | B23: 0 | C23: 150 | D23: asp-L[e] <=> asp-L[c] | F23: asp-L{-1}[e] + h{1}[e] <=> asp-L{-1}[c] + h{1}[c] | G23: c|>|e | I23: L-aspartate transport in via proton symport | J23: asp-L[e] + h[e] <=> asp-L[c] + h[c] | K23: Transport, Extracellular
A24: ATPS4r | B24: -150 | C24: 150 | D24: adp[c] + pi[c] <=> atp[c] + h2o[c] | E24: adp[c] + pi[c] <=> atp[c] + h2o[c] | F24: (4) h{1}[e] <=> (4) h{1}[c] | G24: c|>|e | I24: ATP synthase (four protons for one ATP) | J24: adp[c] + (4) h[e] + pi[c] <=> atp[c] + (3) h[c] + h2o[c] | K24: Oxidative phosphorylation | L24: EC-3.6.3.14
A25: BUTt2r | B25: -150 | C25: 150 | D25: but[e] <=> but[c] | F25: but{-1}[e] + h{1}[e] <=> but{-1}[c] + h{1}[c] | G25: c|>|e | I25: Butyrate transport via proton symport, reversible | J25: but[e] + h[e] <=> but[c] + h[c] | K25: Putative Transporters
A26: CADVt | B26: 0 | C26: 150 | D26: 15dap[c] + lys-L[e] <=> 15dap[e] + lys-L[c] | F26: 15dap{2}[c] + h{1}[e] + lys-L{1}[e] <=> 15dap{2}[e] + h{1}[c] + lys-L{1}[c] | G26: c|>|e | I26: Lysine/Cadaverine antiporter | J26: 15dap[c] + h[e] + lys-L[e] <=> 15dap[e] + h[c] + lys-L[c] | K26: Transport, Extracellular
A27: CBL1abc | B27: -150 | C27: 150 | D27: (2) atp[c] + cbl1[e] + (2) h2o[c] <=> (2) adp[c] + cbl1[c] + (2) pi[c] | E27: (2) atp[c] + (2) h2o[c] <=> (2) adp[c] + (2) pi[c] | F27: cbl1{-1}[e] <=> cbl1{-1}[c] | G27: c|>|e | I27: Cob(1)alamin transport via ABC system | J27: atp[c] + cbl1[e] + h2o[c] <=> adp[c] + cbl1[c] + h[c] + pi[c] | K27: Transport, Extracellular | M27: 13141
A28: Cex | B28: -150 | C28: 150 | F28: charge{1}[c] <=> charge{1}[e] | G28: c|>|e | K28: Transport, Extracellular
A29: CHLabc | B29: 0 | C29: 150 | D29: (2) atp[c] + chol[e] + (2) h2o[c] <=> (2) adp[c] + chol[c] + (2) pi[c] | E29: (2) atp[c] + (2) h2o[c] <=> (2) adp[c] + (2) pi[c] | F29: chol{1}[e] <=> chol{1}[c] | G29: c|>|e | I29: choline transport via ABC system | J29: atp[c] + chol[e] + h2o[c] <=> adp[c] + chol[c] + h[c] + pi[c] | K29: Putative Transporters
A30: CHLt2r | B30: -150 | C30: 150 | D30: chol[e] <=> chol[c] | F30: chol{1}[e] + h{1}[c] <=> chol{1}[c] + h{1}[e] | G30: c|>|e | I30: choline transport via proton symport, reversible | J30: chol[e] + h[e] <=> chol[c] + h[c] | K30: Transport, Extracellular | M30: 64
A31: CITt7 | B31: 0 | C31: 150 | D31: cit[e] + succ[c] <=> cit[c] + succ[e] | F31: cit{-3}[e] + h{1}[e] + succ{-2}[c] <=> cit{-3}[c] + h{1}[c] + succ{-2}[e] | G31: c|>|e | I31: Citrate transport via succinate antiport | J31: cit[e] + succ[c] <=> cit[c] + succ[e] | K31: Transport, Extracellular | M31: 87
A32: CO2t | B32: -150 | C32: 150 | D32: co2tot[e] <=> co2tot[c] | F32: co2tot{-1}[e] + h{1}[e] <=> co2tot{-1}[c] + h{1}[c] | G32: c|>|e | I32: CO2 transporter via diffusion | J32: co2tot[e] <=> co2tot[c] | K32: Transport, Extracellular
A33: CRNt7 | B33: -150 | C33: 150 | D33: crn[e] + gbbtn[c] <=> crn[c] + gbbtn[e] | F33: crn{0}[e] + gbbtn{0}[c] <=> crn{0}[c] + gbbtn{0}[e] | G33: c|>|e | I33: Carnitine/butyrobetaine antiporter | J33: crn[e] + gbbtn[c] <=> crn[c] + gbbtn[e] | K33: Transport, Extracellular | M33: 54
A34: CSNt2 | B34: 0 | C34: 150 | D34: csn[e] <=> csn[c] | F34: csn{0}[e] <=> csn{0}[c] | G34: c|>|e | I34: cytosine transport in via proton symport | J34: csn[e] + h[e] <=> csn[c] + h[c] | K34: Transport, Extracellular
A35: CSNt2_add | B35: -150 | C35: 150 | D35: csn[e] <=> csn[c] | F35: csn{-1}[e] + h{1}[e] <=> csn{-1}[c] + h{1}[c] | G35: c|>|e | K35: Transport, Extracellular
A36: CYNTt2 | B36: 0 | C36: 150 | D36: cynt[e] <=> cynt[c] | F36: cynt{-1}[e] + h{1}[e] <=> cynt{-1}[c] + h{1}[c] | G36: c|>|e | I36: Cyanate transport via proton symport | J36: cynt[e] + h[e] <=> cynt[c] + h[c] | K36: Putative Transporters | M36: 105142
A37: CYSabc | B37: -150 | C37: 150 | D37: (2) atp[c] + cys-L[e] + (2) h2o[c] <=> (2) adp[c] + cys-L[c] + (2) pi[c] | E37: (2) atp[c] + (2) h2o[c] <=> (2) adp[c] + (2) pi[c] | F37: cys-L{0}[e] <=> cys-L{0}[c] | G37: c|>|e | I37: L-cysteine transport via ABC system | J37: atp[c] + cys-L[e] + h2o[c] <=> adp[c] + cys-L[c] + h[c] + pi[c] | K37: Transport, Extracellular
A38: CYTBD | B38: 0 | C38: 150 | D38: (0.5) o2[c] + q8h2[c] <=> h2o[c] + q8[c] | E38: (0.5) o2[c] + q8h2[c] <=> h2o[c] + q8[c] | F38: (2) h{1}[c] <=> (2) h{1}[e] | G38: c|>|e | H38: bd (micro aero.) | I38: cytochrome oxidase bd (ubiquinol-8: 2 protons) | J38: (2) h[c] + (0.5) o2[c] + q8h2[c] <=> (2) h[e] + h2o[c] + q8[c] | K38: Oxidative phosphorylation
A39: CYTBO3 | B39: 0 | C39: 150 | D39: (0.5) o2[c] + q8h2[c] <=> h2o[c] + q8[c] | E39: (0.5) o2[c] + q8h2[c] <=> h2o[c] + q8[c] | F39: (4) h{1}[c] <=> (4) h{1}[e] | G39: c|>|e | H39: bo3 (aerob) | I39: cytochrome oxidase bo3 (ubiquinol-8: 2.5 protons) | J39: (2.5) h[c] + (0.5) o2[c] + q8h2[c] <=> (2.5) h[e] + h2o[c] + q8[c] | K39: Oxidative phosphorylation
A40: CYTDt2 | B40: -150 | C40: 150 | D40: cytd[e] <=> cytd[c] | F40: cytd{0}[e] <=> cytd{0}[c] | G40: c|>|e | I40: cytidine transport in via proton symport | J40: cytd[e] + h[e] <=> cytd[c] + h[c] | K40: Transport, Extracellular | M40: 75
A41: DADNt2 | B41: -150 | C41: 150 | D41: dad-2[e] <=> dad-2[c] | F41: dad-2{0}[e] <=> dad-2{0}[c] | G41: c|>|e | I41: deoxyadenosine transport in via proton symport | J41: dad-2[e] + h[e] <=> dad-2[c] + h[c] | K41: Transport, Extracellular
A42: DALAt2r | B42: -150 | C42: 150 | D42: ala-D[e] <=> ala-D[c] | F42: ala-D{0}[e] <=> ala-D{0}[c] | G42: c|>|e | I42: D-alanine transport via proton symport | J42: ala-D[e] + h[e] <=> ala-D[c] + h[c] | K42: Transport, Extracellular
A43: DAPabc | B43: -150 | C43: 150 | D43: 26dap-M[e] + (2) atp[c] + (2) h2o[c] <=> 26dap-M[c] + (2) adp[c] + (2) pi[c] | E43: (2) atp[c] + (2) h2o[c] <=> (2) adp[c] + (2) pi[c] | F43: 26dap-M{0}[e] <=> 26dap-M{0}[c] | G43: c|>|e | I43: M-diaminopimelic acid ABC transport | J43: 26dap-M[e] + atp[c] + h2o[c] <=> 26dap-M[c] + adp[c] + h[c] + pi[c] | K43: Transport, Extracellular
A44: DCYTt2 | B44: -150 | C44: 150 | D44: dcyt[e] <=> dcyt[c] | F44: dcyt{0}[e] <=> dcyt{0}[c] | G44: c|>|e | I44: deoxycytidine transport in via proton symport | J44: dcyt[e] + h[e] <=> dcyt[c] + h[c] | K44: Transport, Extracellular
A45: DDGLCNt2r | B45: -150 | C45: 150 | D45: 2ddglcn[e] <=> 2ddglcn[c] | F45: 2ddglcn{-1}[e] + h{1}[e] <=> 2ddglcn{-1}[c] + h{1}[c] | G45: c|>|e | I45: 2-dehydro-3-deoxy-D-gluconate transport via proton symport, reversible | J45: 2ddglcn[e] + h[e] <=> 2ddglcn[c] + h[c] | K45: Transport, Extracellular | M45: 132
A46: DGSNt2 | B46: -150 | C46: 150 | D46: dgsn[e] <=> dgsn[c] | F46: dgsn{0}[e] <=> dgsn{0}[c] | G46: c|>|e | I46: deoxyguanosine transport in via proton symport | J46: dgsn[e] + h[e] <=> dgsn[c] + h[c] | K46: Transport, Extracellular
A47: DHAt | B47: -150 | C47: 150 | D47: dha[e] <=> dha[c] | F47: dha{0}[e] <=> dha{0}[c] | G47: c|>|e | I47: Dihydroxyacetone transport via facilitated diffusion | J47: dha[e] <=> dha[c] | K47: Transport, Extracellular
A48: DINSt2 | B48: -150 | C48: 150 | D48: din[e] <=> din[c] | F48: din{0}[e] <=> din{0}[c] | G48: c|>|e | I48: deoxyinosine transport in via proton symport | J48: din[e] + h[e] <=> din[c] + h[c] | K48: Transport, Extracellular
A49: D-LACt2 | B49: -150 | C49: 150 | D49: lac-D[e] <=> lac-D[c] | F49: h{1}[e] + lac-D{-1}[e] <=> h{1}[c] + lac-D{-1}[c] | G49: c|>|e | I49: D-lactate transport via proton symport | J49: h[e] + lac-D[e] <=> h[c] + lac-D[c] | K49: Transport, Extracellular | M49: 76
A50: DMSOR1e | B50: 0 | C50: 150 | D50: dmso[e] + mql8[c] <=> dms[e] + h2o[e] + mqn8[c] | E50: dmso[e] + mql8[c] <=> dms[e] + h2o[e] + mqn8[c] | F50: (2) h{1}[c] + (2) electron{-1}[c] <=> (2) h{1}[e] + (2) electron{-1}[e] | G50: c|>|e | I50: Dimethyl sulfoxide reductase (Menaquinol 8) | J50: dmso[e] + mql8[c] <=> dms[e] + h2o[e] + mqn8[c] | K50: Oxidative phosphorylation | M50: 39
A51: DMSOR2e | B51: 0 | C51: 150 | D51: 2dmmql8[c] + dmso[e] <=> 2dmmq8[c] + dms[e] + h2o[e] | E51: 2dmmql8[c] + dmso[e] <=> 2dmmq8[c] + dms[e] + h2o[e] | F51: (2) h{1}[c] + (2) electron{-1}[c] <=> (2) h{1}[e] + (2) electron{-1}[e] | G51: c|>|e | I51: Dimethyl sulfoxide reductase (Demethylmenaquinol 8) | J51: 2dmmql8[c] + dmso[e] <=> 2dmmq8[c] + dms[e] + h2o[e] | K51: Oxidative phosphorylation | M51: 39
A52: DSERt2r | B52: -150 | C52: 150 | D52: ser-D[e] <=> ser-D[c] | F52: ser-D{0}[e] <=> ser-D{0}[c] | G52: c|>|e | I52: D-serine transport via proton symport | J52: h[e] + ser-D[e] <=> h[c] + ser-D[c] | K52: Transport, Extracellular
A53: DURIt2 | B53: 0 | C53: 150 | D53: duri[e] <=> duri[c] | F53: duri{-1}[e] + h{1}[e] <=> duri{-1}[c] + h{1}[c] | G53: c|>|e | I53: deoxyuridine transport in via proton symport | J53: duri[e] + h[e] <=> duri[c] + h[c] | K53: Transport, Extracellular
A54: DURIt2_add | B54: -150 | C54: 150 | D54: duri[e] <=> duri[c] | F54: duri{0}[e] <=> duri{0}[c] | G54: c|>|e | K54: Transport, Extracellular
A55: ETOHt2r | B55: -150 | C55: 150 | D55: etoh[e] <=> etoh[c] | F55: etoh{0}[e] <=> etoh{0}[c] | G55: c|>|e | I55: ethanol reversible transport via proton symport | J55: etoh[e] + h[e] <=> etoh[c] + h[c] | K55: Transport, Extracellular
A56: FDH2 | B56: 0 | C56: 150 | D56: q8[c] + for[e] + h2o[c] <=> q8h2[c] + co2tot[e] | E56: for[e] + q8[c] + h2o[c] <=> co2tot[e] + q8h2[c] | F56: (2) electron{-1}[e] <=> (2) electron{-1}[c] | G56: c|>|e | I56: formate dehydrogenase (quinone-8: 2 protons) | J56: for[c] + (3) h[c] + q8[c] <=> co2tot[c] + (2) h[e] + q8h2[c] | K56: Oxidative phosphorylation | L56: EC-1.2.2.1
A57: FDH3 | B57: 0 | C57: 150 | D57: mqn8[c] + for[e] + h2o[c] <=> mql8[c] + co2tot[e] | E57: for[e] + mqn8[c] + h2o[c] <=> co2tot[e] + mql8[c] | F57: (2) electron{-1}[e] <=> (2) electron{-1}[c] | G57: c|>|e | I57: Formate Dehydrogenase (menaquinone-8: 2 protons) | J57: for[c] + (3) h[c] + mqn8[c] <=> co2tot[c] + (2) h[e] + mql8[c] | K57: Oxidative phosphorylation | L57: EC-1.2.2.1
A58: FE2abc | B58: -150 | C58: 150 | D58: (2) atp[c] + fe2[e] + (2) h2o[c] <=> (2) adp[c] + fe2[c] + (2) pi[c] | E58: (2) atp[c] + (2) h2o[c] <=> (2) adp[c] + (2) pi[c] | F58: fe2{2}[e] <=> fe2{2}[c] | G58: c|>|e | I58: iron (II) transport via ABC system | J58: atp[c] + fe2[e] + h2o[c] <=> adp[c] + fe2[c] + h[c] + pi[c] | K58: Transport, Extracellular | M58: 56
A59: FORt | B59: 0 | C59: 150 | D59: for[e] <=> for[c] | F59: for{-1}[e] + h{1}[e] <=> for{-1}[c] + h{1}[c] | G59: c|>|e | I59: formate transport via diffusion | J59: for[e] <=> for[c] | K59: Transport, Extracellular
A60: FRUpts | B60: 0 | C60: 150 | D60: fru[e] + pep[c] <=> f1p[c] + pyr[c] | E60: fru[c] + pep[c] <=> f1p[c] + pyr[c] | F60: fru{0}[e] <=> fru{0}[c] | G60: c|>|e | I60: D-fructose transport via PEP:Pyr PTS | J60: fru[e] + pep[c] <=> f1p[c] + pyr[c] | K60: Transport, Extracellular
A61: FRUpts2 | B61: 0 | C61: 150 | D61: fru[e] + pep[c] <=> f6p[c] + pyr[c] | E61: fru[c] + pep[c] <=> f6p[c] + pyr[c] | F61: fru{0}[e] <=> fru{0}[c] | G61: c|>|e | I61: Fructose transport via PEP:Pyr PTS (f6p generating) | J61: fru[e] + pep[c] <=> f6p[c] + pyr[c] | K61: Transport, Extracellular | M61: 132
A62: FUCPt62 | B62: -150 | C62: 150 | D62: fuc1p-L[e] + pi[c] <=> fuc1p-L[c] + pi[e] | F62: fuc1p-L{-2}[e] + pi{-2}[c] <=> fuc1p-L{-2}[c] + pi{-2}[e] | G62: c|>|e | I62: Fucose 1-phosphate transport via phosphate antiport | J62: fuc1p-L[e] + (2) pi[c] <=> fuc1p-L[c] + (2) pi[e] | K62: Transport, Extracellular | M62: 135
A63: FUCt | B63: -150 | C63: 150 | D63: fuc-L[e] <=> fuc-L[c] | F63: fuc-L{0}[e] <=> fuc-L{0}[c] | G63: c|>|e | I63: L-fucose transport via proton symport | J63: fuc-L[e] + h[e] <=> fuc-L[c] + h[c] | K63: Transport, Extracellular
A64: FUMt22 | B64: 0 | C64: 150 | D64: fum[e] <=> fum[c] | F64: fum{-2}[e] + (2) h{1}[e] <=> fum{-2}[c] + (2) h{1}[c] | G64: c|>|e | I64: Fumarate transport via proton symport (2 H) | J64: fum[e] + (2) h[e] <=> fum[c] + (2) h[c] | K64: Transport, Extracellular | M64: 53
A65: G6Pt62 | B65: 0 | C65: 150 | D65: g6p[e] + pi[c] <=> g6p[c] + pi[e] | F65: g6p{-2}[e] + pi{-2}[c] <=> g6p{-2}[c] + pi{-2}[e] | G65: c|>|e | I65: Glucose-6-phosphate transport via phosphate antiport | J65: g6p[e] + (2) pi[c] <=> g6p[c] + (2) pi[e] | K65: Transport, Extracellular | M65: 135
A66: GALabc | B66: 0 | C66: 150 | D66: (2) atp[c] + gal[e] + (2) h2o[c] <=> (2) adp[c] + gal[c] + (2) pi[c] | E66: (2) atp[c] + (2) h2o[c] <=> (2) adp[c] + (2) pi[c] | F66: gal{0}[e] <=> gal{0}[c] | G66: c|>|e | I66: D-galactose transport via ABC system | J66: atp[c] + gal[e] + h2o[c] <=> adp[c] + gal[c] + h[c] + pi[c] | K66: Transport, Extracellular
A67: GALCTNt2r | B67: -150 | C67: 150 | D67: galctn-D[e] <=> galctn-D[c] | F67: galctn-D{-1}[e] + h{1}[e] <=> galctn-D{-1}[c] + h{1}[c] | G67: c|>|e | I67: D-galactonate transport via proton symport, reversible | J67: galctn-D[e] + h[e] <=> galctn-D[c] + h[c] | K67: Transport, Extracellular | M67: 132142
A68: GALCTt2r | B68: -150 | C68: 150 | D68: galct-D[e] <=> galct-D[c] | F68: galct-D{-2}[e] + (2) h{1}[e] <=> galct-D{-2}[c] + (2) h{1}[c] | G68: c|>|e | I68: D-galactarte transport via proton symport, reversible | J68: galct-D[e] + h[e] <=> galct-D[c] + h[c] | K68: Transport, Extracellular
A69: GALt2 | B69: 0 | C69: 150 | D69: gal[e] <=> gal[c] | F69: gal{0}[e] <=> gal{0}[c] | G69: c|>|e | I69: D-galactose transport in via proton symport | J69: gal[e] + h[e] <=> gal[c] + h[c] | K69: Transport, Extracellular
A70: GALTpts | B70: -150 | C70: 150 | D70: galt[e] + pep[c] <=> galt1p[c] + pyr[c] | E70: galt[c] + pep[c] <=> galt1p[c] + pyr[c] | F70: galt{0}[e] <=> galt{0}[c] | G70: c|>|e | I70: Galactitol transport via PEP:Pyr PTS | J70: galt[e] + pep[c] <=> galt1p[c] + pyr[c] | K70: Transport, Extracellular
A71: GALURt2r | B71: -150 | C71: 150 | D71: galur[e] <=> galur[c] | F71: galur{-1}[e] + h{1}[e] <=> galur{-1}[c] + h{1}[c] | G71: c|>|e | I71: D-galacturonate transport via proton symport, reversible | J71: galur[e] + h[e] <=> galur[c] + h[c] | K71: Transport, Extracellular | M71: 132
A72: GAMpts | B72: 0 | C72: 150 | D72: gam[e] + pep[c] <=> gam6p[c] + pyr[c] | E72: gam[c] + pep[c] <=> gam6p[c] + pyr[c] | F72: gam{0}[e] <=> gam{0}[c] | G72: c|>|e | I72: D-glucosamine transport via PEP:Pyr PTS | J72: gam[e] + pep[c] <=> gam6p[c] + pyr[c] | K72: Transport, Extracellular | M72: 132
A73: GAMpts_add | B73: -150 | C73: 150 | D73: gam[e] + pep[c] <=> gam6p[c] + pyr[c] | E73: gam[c] + pep[c] <=> gam6p[c] + pyr[c] | F73: gam{1}[e] <=> gam{1}[c] | G73: c|>|e | K73: Transport, Extracellular
A74: GLCDe | B74: -150 | C74: 150 | D74: glc-D[e] + h2o[e] + q8[c] <=> glcn[e] + q8h2[c] | E74: glc-D[e] + h2o[e] + q8[c] <=> glcn[e] + q8h2[c] | F74: (2) h{1}[e] + (2) electron{-1}[e] <=> (2) h{1}[c] + (2) electron{-1}[c] | G74: c|>|e | I74: Glucose dehydrogenase (ubiquinone-8 as acceptor) | J74: glc-D[e] + h2o[e] + q8[c] <=> glcn[e] + h[e] + q8h2[c] | K74: Oxidative phosphorylation | M74: 140
A75: GLCNt2r | B75: -150 | C75: 150 | D75: glcn[e] <=> glcn[c] | F75: glcn{-1}[e] + h{1}[e] <=> glcn{-1}[c] + h{1}[c] | G75: c|>|e | I75: D-gluconate transport via proton symport, reversible | J75: glcn[e] + h[e] <=> glcn[c] + h[c] | K75: Transport, Extracellular | M75: 5
A76: GLCpts | B76: 0 | C76: 150 | D76: glc-D[e] + pep[c] <=> g6p[c] + pyr[c] | E76: glc-D[c] + pep[c] <=> g6p[c] + pyr[c] | F76: glc-D{0}[e] <=> glc-D{0}[c] | G76: c|>|e | I76: D-glucose transport via PEP:Pyr PTS | J76: glc-D[e] + pep[c] <=> g6p[c] + pyr[c] | K76: Transport, Extracellular | M76: 132139
A77: GLCRt2r | B77: -150 | C77: 150 | D77: glcr[e] <=> glcr[c] | F77: glcr{-2}[e] + (2) h{1}[e] <=> glcr{-2}[c] + (2) h{1}[c] | G77: c|>|e | I77: D-glucarate transport via proton symport, reversible | J77: glcr[e] + h[e] <=> glcr[c] + h[c] | K77: Putative Transporters
A78: GLCt2 | B78: 0 | C78: 150 | D78: glc-D[e] <=> glc-D[c] | F78: glc-D{0}[e] <=> glc-D{0}[c] | G78: c|>|e | I78: D-glucose transport in via proton symport | J78: glc-D[e] + h[e] <=> glc-D[c] + h[c] | K78: Transport, Extracellular
A79: GLCURt2r | B79: -150 | C79: 150 | D79: glcur[e] <=> glcur[c] | F79: glcur{-1}[e] + h{1}[e] <=> glcur{-1}[c] + h{1}[c] | G79: c|>|e | I79: D-glucuronate transport via proton symport, reversible | J79: glcur[e] + h[e] <=> glcur[c] + h[c] | K79: Transport, Extracellular | M79: 132
A80: GLNabc | B80: -150 | C80: 150 | D80: (2) atp[c] + gln-L[e] + (2) h2o[c] <=> (2) adp[c] + gln-L[c] + (2) pi[c] | E80: (2) atp[c] + (2) h2o[c] <=> (2) adp[c] + (2) pi[c] | F80: gln-L{0}[e] <=> gln-L{0}[c] | G80: c|>|e | I80: L-glutamine transport via ABC system | J80: atp[c] + gln-L[e] + h2o[c] <=> adp[c] + gln-L[c] + h[c] + pi[c] | K80: Transport, Extracellular
A81: GLUabc | B81: 0 | C81: 150 | D81: (2) atp[c] + glu-L[e] + (2) h2o[c] <=> (2) adp[c] + glu-L[c] + (2) pi[c] | E81: (2) atp[c] + (2) h2o[c] <=> (2) adp[c] + (2) pi[c] | F81: glu-L{-1}[e] <=> glu-L{-1}[c] | G81: c|>|e | I81: L-glutamate transport via ABC system | J81: atp[c] + glu-L[e] + h2o[c] <=> adp[c] + glu-L[c] + h[c] + pi[c] | K81: Transport, Extracellular
A82: GLUABUTt7 | B82: -150 | C82: 150 | D82: 4abut[c] + glu-L[e] <=> 4abut[e] + glu-L[c] | F82: 4abut{0}[c] + glu-L{-1}[e] + h{1}[e] <=> 4abut{0}[e] + glu-L{-1}[c] + h{1}[c] | G82: c|>|e | I82: 4-aminobutyrate/glutamate antiport | J82: 4abut[c] + glu-L[e] <=> 4abut[e] + glu-L[c] | K82: Putative Transporters
A83: GLUt2r | B83: -150 | C83: 150 | D83: glu-L[e] <=> glu-L[c] | F83: glu-L{-1}[e] + h{1}[e] <=> glu-L{-1}[c] + h{1}[c] | G83: c|>|e | I83: L-glutamate transport via proton symport, reversible | J83: glu-L[e] + h[e] <=> glu-L[c] + h[c] | K83: Transport, Extracellular
A84: GLUt4 | B84: 0 | C84: 150 | D84: glu-L[e] + na1[e] <=> glu-L[c] + na1[c] | F84: glu-L{-1}[e] + na1{1}[e] <=> glu-L{-1}[c] + na1{1}[c] | G84: c|>|e | I84: Na+/glutamate symport | J84: glu-L[e] + na1[e] <=> glu-L[c] + na1[c] | K84: Transport, Extracellular
A85: GLYALDt | B85: -150 | C85: 150 | D85: glyald[e] <=> glyald[c] | F85: glyald{0}[e] <=> glyald{0}[c] | G85: c|>|e | I85: Glyceraldehyde facilitated diffusion | J85: glyald[e] <=> glyald[c] | K85: Transport, Extracellular | M85: 46
A86: GLYBabc | B86: 0 | C86: 150 | D86: (2) atp[c] + glyb[e] + (2) h2o[c] <=> (2) adp[c] + glyb[c] + (2) pi[c] | E86: (2) atp[c] + (2) h2o[c] <=> (2) adp[c] + (2) pi[c] | F86: glyb{0}[e] <=> glyb{0}[c] | G86: c|>|e | I86: Glycine betaine transport via ABC system | J86: atp[c] + glyb[e] + h2o[c] <=> adp[c] + glyb[c] + h[c] + pi[c] | K86: Putative Transporters
A87: GLYBt2r | B87: -150 | C87: 150 | D87: glyb[e] <=> glyb[c] | F87: glyb{0}[e] <=> glyb{0}[c] | G87: c|>|e | I87: Glycine betaine transport via proton symport, reversible | J87: glyb[e] + h[e] <=> glyb[c] + h[c] | K87: Putative Transporters
A88: GLYC3Pabc | B88: 0 | C88: 150 | D88: (2) atp[c] + glyc3p[e] + (2) h2o[c] <=> (2) adp[c] + glyc3p[c] + (2) pi[c] | E88: (2) atp[c] + (2) h2o[c] <=> (2) adp[c] + (2) pi[c] | F88: glyc3p{-2}[e] <=> glyc3p{-2}[c] | G88: c|>|e | I88: sn-Glycerol 3-phosphate transport via ABC system | J88: atp[c] + glyc3p[e] + h2o[c] <=> adp[c] + glyc3p[c] + h[c] + pi[c] | K88: Transport, Extracellular | M88: 142
A89: GLYC3Pt6 | B89: 0 | C89: 150 | D89: glyc3p[e] + pi[c] <=> glyc3p[c] + pi[e] | F89: glyc3p{-2}[e] + pi{-2}[c] <=> glyc3p{-2}[c] + pi{-2}[e] | G89: c|>|e | I89: Glycerol-3-phosphate : phosphate antiporter | J89: glyc3p[e] + pi[c] <=> glyc3p[c] + pi[e] | K89: Transport, Extracellular
A90: GLYCLTt2r | B90: -150 | C90: 150 | D90: glyclt[e] <=> glyclt[c] | F90: glyclt{-1}[e] + h{1}[e] <=> glyclt{-1}[c] + h{1}[c] | G90: c|>|e | I90: glycolate transport via proton symport, reversible | J90: glyclt[e] + h[e] <=> glyclt[c] + h[c] | K90: Transport, Extracellular | M90: 76
A91: GLYCt | B91: -150 | C91: 150 | D91: glyc[c] <=> glyc[e] | F91: glyc{0}[c] <=> glyc{0}[e] | G91: c|>|e | I91: glycerol transport via channel | J91: glyc[c] <=> glyc[e] | K91: Transport, Extracellular | M91: 46
A92: GLYt2r | B92: -150 | C92: 150 | D92: gly[e] <=> gly[c] | F92: gly{0}[e] <=> gly{0}[c] | G92: c|>|e | I92: glycine reversible transport via proton symport | J92: gly[e] + h[e] <=> gly[c] + h[c] | K92: Transport, Extracellular
A93: GSNt2 | B93: -150 | C93: 150 | D93: gsn[e] <=> gsn[c] | F93: gsn{0}[e] <=> gsn{0}[c] | G93: c|>|e | I93: guanosine transport in via proton symport | J93: gsn[e] + h[e] <=> gsn[c] + h[c] | K93: Transport, Extracellular
A94: GUAt | B94: -150 | C94: 150 | D94: gua[e] <=> gua[c] | F94: gua{0}[e] <=> gua{0}[c] | G94: c|>|e | I94: Guanine transport | J94: gua[e] <=> gua[c] | K94: Transport, Extracellular
A95: H2Ot | B95: -150 | C95: 150 | D95: h2o[e] <=> h2o[c] | F95: h2o{0}[e] <=> h2o{0}[c] | G95: c|>|e | I95: H2O transport via diffusion | J95: h2o[e] <=> h2o[c] | K95: Transport, Extracellular
A96: HCINNMt2r | B96: -150 | C96: 150 | D96: 3hcinnm[e] <=> 3hcinnm[c] | F96: 3hcinnm{-1}[e] + h{1}[e] <=> 3hcinnm{-1}[c] + h{1}[c] | G96: c|>|e | I96: 3-hydroxycinnamic acid transport via proton symport, reversible | J96: 3hcinnm[e] + h[e] <=> 3hcinnm[c] + h[c] | K96: Putative Transporters | M96: 25
A97: HDCAt2 | B97: -150 | C97: 150 | D97: hdca[e] <=> hdca[c] | F97: hdca{-1}[e] + h{1}[e] <=> hdca{-1}[c] + h{1}[c] | G97: c|>|e | I97: Hexadecanoate transport via proton symport | J97: h[e] + hdca[e] <=> h[c] + hdca[c] | K97: Transport, Extracellular | M97: 4
A98: HISabc | B98: 0 | C98: 150 | D98: (2) atp[c] + (2) h2o[c] + his-L[e] <=> (2) adp[c] + his-L[c] + (2) pi[c] | E98: (2) atp[c] + (2) h2o[c] <=> (2) adp[c] + (2) pi[c] | F98: his-L{0}[e] <=> his-L{0}[c] | G98: c|>|e | I98: L-histidine transport via ABC system | J98: atp[c] + h2o[c] + his-L[e] <=> adp[c] + h[c] + his-L[c] + pi[c] | K98: Transport, Extracellular
A99: HISt2r | B99: -150 | C99: 150 | D99: his-L[e] <=> his-L[c] | F99: his-L{0}[e] <=> his-L{0}[c] | G99: c|>|e | I99: L-histidine reversible transport via proton symport | J99: h[e] + his-L[e] <=> h[c] + his-L[c] | K99: Transport, Extracellular | M99: 134
A100: HPPPNt2r | B100: -150 | C100: 150 | D100: 3hpppn[e] <=> 3hpppn[c] | F100: 3hpppn{-1}[e] + h{1}[e] <=> 3hpppn{-1}[c] + h{1}[c] | G100: c|>|e | I100: 3-(3-hydroxyphenyl)propionate transport via proton symport, reversible | J100: 3hpppn[e] + h[e] <=> 3hpppn[c] + h[c] | K100: Putative Transporters | M100: 25
...

Sheet Metabolites
B1: Concentration Limits
B2: extracellular space [e] | D2: intracellular space [c]
A3: Abbreviation | B3: lb | C3: ub | D3: lb | E3: ub | H3: CID | I3: charge | J3: nH | L3: metabolit name | M3: molecular formular
A4: 10fthf | D4: =Parameters!$D$19 -> 0.0001 | E4: =Parameters!$E$19 -> 1 | H4: C00234 | I4: -2 | J4: 21 | L4: 10-Formyltetrahydrofolate | M4: C20H22N7O7
A5: 12dgrEC | D5: =Parameters!$D$19 -> 0.0001 | E5: =Parameters!$E$19 -> 1 | H5: C95022 | I5: 0 | J5: 3448 | L5: 1,2-Diacylglycerol (E.coli) ** | M5: C1836H3448O250
A6: 12ppd-S | B6: =Parameters!$B$19 -> 0.0001 | C6: =Parameters!$C$19 -> 1 | D6: =Parameters!$D$19 -> 0.0001 | E6: =Parameters!$E$19 -> 1 | H6: C02917 | I6: 0 | J6: 8 | L6: (S)-Propane-1,2-diol | M6: C3H8O2
A7: 13dpg | D7: =Parameters!$D$19 -> 0.0001 | E7: =Parameters!$E$19 -> 1 | H7: C00236 | I7: -4 | J7: 4 | L7: 3-Phospho-D-glyceroyl phosphate | M7: C3H4O10P2
A8: 15dap | B8: =Parameters!$B$19 -> 0.0001 | C8: =Parameters!$C$19 -> 1 | D8: =Parameters!$D$19 -> 0.0001 | E8: =Parameters!$E$19 -> 1 | H8: C01672 | I8: 2 | J8: 16 | L8: 1,5-Diaminopentane | M8: C5H16N2
A9: 1pyr5c | D9: =Parameters!$D$19 -> 0.0001 | E9: =Parameters!$E$19 -> 1 | H9: C03912 | I9: -1 | J9: 6 | L9: 1-Pyrroline-5-carboxylate | M9: C5H6NO2
A10: 23ddhb | D10: =Parameters!$D$19 -> 0.0001 | E10: =Parameters!$E$19 -> 1 | H10: C04171 | I10: -1 | J10: 7 | L10: 2,3-Dihydro-2,3-dihydroxybenzoate | M10: C7H7O4
A11: 23dhb | D11: =Parameters!$D$19 -> 0.0001 | E11: =Parameters!$E$19 -> 1 | H11: C00196 | I11: -1 | J11: 5 | L11: 2,3-Dihydroxybenzoate | M11: C7H5O4
A12: 23dhba | D12: =Parameters!$D$19 -> 0.0001 | E12: =Parameters!$E$19 -> 1 | H12: C04030 | I12: -1 | J12: 17 | L12: (2,3-Dihydroxybenzoyl)adenylate | M12: C17H16N5O10P
A13: 23dhdp | D13: =Parameters!$D$19 -> 0.0001 | E13: =Parameters!$E$19 -> 1 | H13: C03340 | I13: -2 | J13: 5 | L13: 2,3-Dihydrodipicolinate | M13: C7H5NO4
A14: 23dhmb | D14: =Parameters!$D$19 -> 0.0001 | E14: =Parameters!$E$19 -> 1 | H14: C04272 | I14: -1 | J14: 9 | L14: (R)-2,3-Dihydroxy-3-methylbutanoate | M14: C5H9O4
A15: 23dhmp | D15: =Parameters!$D$19 -> 0.0001 | E15: =Parameters!$E$19 -> 1 | H15: C06007 | I15: -1 | J15: 11 | L15: (R)-2,3-Dihydroxy-3-methylpentanoate | M15: C6H11O4
A16: 23doguln | D16: =Parameters!$D$19 -> 0.0001 | E16: =Parameters!$E$19 -> 1 | H16: C04575 | I16: -1 | J16: 7 | L16: 2,3-Dioxo-L-gulonate | M16: C6H7O7
A17: 25aics | D17: =Parameters!$D$19 -> 0.0001 | E17: =Parameters!$E$19 -> 1 | H17: C04823 | I17: -4 | J17: 15 | L17: (S)-2-[5-Amino-1-(5-phospho-D-ribosyl)imidazole-4-carboxamido]succinate | M17: C13H15N4O12P
A18: 25dkglcn | D18: =Parameters!$D$19 -> 0.0001 | E18: =Parameters!$E$19 -> 1 | H18: C02780 | I18: -1 | J18: 7 | L18: 2,5-diketo-D-gluconate | M18: C6H7O7
A19: 25drapp | D19: =Parameters!$D$19 -> 0.0001 | E19: =Parameters!$E$19 -> 1 | H19: C01304 | I19: -2 | J19: 14 | L19: 2,5-Diamino-6-(ribosylamino)-4-(3H)-pyrimidinone 5'-phosphate | M19: C9H14N5O8P
A20: 26dap-LL | D20: =Parameters!$D$19 -> 0.0001 | E20: =Parameters!$E$19 -> 1 | H20: C00666 | I20: 0 | J20: 14 | L20: LL-2,6-Diaminoheptanedioate | M20: C7H14N2O4
A21: 26dap-M | B21: =Parameters!$B$19 -> 0.0001 | C21: =Parameters!$C$19 -> 1 | D21: =Parameters!$D$19 -> 0.0001 | E21: =Parameters!$E$19 -> 1 | H21: C00680 | I21: 0 | J21: 14 | L21: meso-2,6-Diaminoheptanedioate | M21: C7H14N2O4
A22: 2ahbut | D22: =Parameters!$D$19 -> 0.0001 | E22: =Parameters!$E$19 -> 1 | H22: C06006 | I22: -1 | J22: 9 | L22: (S)-2-Aceto-2-hydroxybutanoate | M22: C6H9O4
A23: 2aobut | D23: =Parameters!$D$19 -> 0.0001 | E23: =Parameters!$E$19 -> 1 | H23: C03508 | I23: 0 | J23: 7 | L23: L-2-Amino-3-oxobutanoate | M23: C4H7NO3
A24: 2cpr5p | D24: =Parameters!$D$19 -> 0.0001 | E24: =Parameters!$E$19 -> 1 | H24: C01302 | I24: -3 | J24: 13 | L24: 1-(2-Carboxyphenylamino)-1-deoxy-D-ribulose 5-phosphate | M24: C12H13NO9P
A25: 2dda7p | D25: =Parameters!$D$19 -> 0.0001 | E25: =Parameters!$E$19 -> 1 | H25: C04691 | I25: -3 | J25: 10 | L25: 2-Dehydro-3-deoxy-D-arabino-heptonate 7-phosphate | M25: C7H10O10P
A26: 2ddg6p | D26: =Parameters!$D$19 -> 0.0001 | E26: =Parameters!$E$19 -> 1 | H26: C04442 | I26: -3 | J26: 8 | L26: 2-Dehydro-3-deoxy-D-gluconate 6-phosphate | M26: C6H8O9P
A27: 2ddglcn | B27: =Parameters!$B$19 -> 0.0001 | C27: =Parameters!$C$19 -> 1 | D27: =Parameters!$D$19 -> 0.0001 | E27: =Parameters!$E$19 -> 1 | H27: C00204 | I27: -1 | J27: 9 | L27: 2-Dehydro-3-deoxy-D-gluconate | M27: C6H9O6
A28: 2dh3dgal | D28: =Parameters!$D$19 -> 0.0001 | E28: =Parameters!$E$19 -> 1 | H28: C01216 | I28: -1 | J28: 9 | L28: 2-Dehydro-3-deoxy-D-galactonate | M28: C6H9O6
A29: 2dh3dgal6p | D29: =Parameters!$D$19 -> 0.0001 | E29: =Parameters!$E$19 -> 1 | H29: C01286 | I29: -3 | J29: 8 | L29: 2-Dehydro-3-deoxy-D-galactonate 6-phosphate | M29: C6H8O9P
A30: 2dhglcn | D30: =Parameters!$D$19 -> 0.0001 | E30: =Parameters!$E$19 -> 1 | H30: C95000 | I30: -1 | J30: 8 | L30: 2-Dehydro-D-gluconate | M30: C6H9O7
A31: 2dhguln | D31: =Parameters!$D$19 -> 0.0001 | E31: =Parameters!$E$19 -> 1 | H31: C06473 | I31: -1 | J31: 9 | L31: 2-Dehydro-L-gulonate | M31: C6H9O7
A32: 2dhp | D32: =Parameters!$D$19 -> 0.0001 | E32: =Parameters!$E$19 -> 1 | H32: C00966 | I32: -1 | J32: 9 | L32: 2-Dehydropantoate | M32: C6H9O4
A33: 2dmmq8 | D33: =Parameters!$D$19 -> 0.0001 | E33: =Parameters!$E$19 -> 1 | H33: C99995 | I33: 0 | J33: 70 | L33: 2-Demethylmenaquinone 8 | M33: C50H70O2
A34: 2dmmql8 | D34: =Parameters!$D$19 -> 0.0001 | E34: =Parameters!$E$19 -> 1 | H34: C99759 | I34: 0 | J34: 72 | L34: 2-Demethylmenaquinol 8 | M34: C50H72O2
A35: 2dr1p | D35: =Parameters!$D$19 -> 0.0001 | E35: =Parameters!$E$19 -> 1 | H35: C00672 | I35: -2 | J35: 9 | L35: 2-Deoxy-D-ribose 1-phosphate | M35: C5H9O7P
A36: 2dr5p | D36: =Parameters!$D$19 -> 0.0001 | E36: =Parameters!$E$19 -> 1 | H36: C00673 | I36: -2 | J36: 9 | L36: 2-Deoxy-D-ribose 5-phosphate | M36: C5H9O7P
A37: 2h3oppan | D37: =Parameters!$D$19 -> 0.0001 | E37: =Parameters!$E$19 -> 1 | H37: C01146 | I37: -1 | J37: 3 | L37: 2-Hydroxy-3-oxopropanoate | M37: C3H3O4
A38: 2ippm | D38: =Parameters!$D$19 -> 0.0001 | E38: =Parameters!$E$19 -> 1 | H38: C02631 | I38: -2 | J38: 8 | L38: 2-Isopropylmaleate | M38: C7H8O4
A39: 2kmb | D39: =Parameters!$D$19 -> 0.0001 | E39: =Parameters!$E$19 -> 1 | H39: C01180 | I39: -1 | J39: 6 | L39: 2-keto-4-methylthiobutyrate | M39: C5H7O3S
... A63: 3dhsk | D63: =Parameters!$D$19 -> 0.0001 | E63: =Parameters!$E$19 -> 1 | H63: C02637 | I63: -1 | J63: 7 | L63: 3-Dehydroshikimate | M63: C7H7O5
A64: 3hcinnm | B64: =Parameters!$B$19 -> 0.0001 | C64: =Parameters!$C$19 -> 1 | D64: =Parameters!$D$19 -> 0.0001 | E64: =Parameters!$E$19 -> 1 | H64: C99772 | I64: -1 | J64: 7 | L64: 3-hydroxycinnamic acid | M64: C9H7O3
A65: 3hmrsACP | D65: =Parameters!$D$19 -> 0.0001 | E65: =Parameters!$E$19 -> 1 | H65: C99972 | I65: -1 | J65: 47 | L65: R-3-hydroxy-myristoyl-ACP | M65: C25H47N2O9PRS
A66: 3hpppn | B66: =Parameters!$B$19 -> 0.0001 | C66: =Parameters!$C$19 -> 1 | D66: =Parameters!$D$19 -> 0.0001 | E66: =Parameters!$E$19 -> 1 | H66: C11457 | I66: -1 | J66: 9 | L66: 3-(3-hydroxy-phenyl)propionate | M66: C9H9O3
A67: 3ig3p | D67: =Parameters!$D$19 -> 0.0001 | E67: =Parameters!$E$19 -> 1 | H67: C03506 | I67: -2 | J67: 12 | L67: C'-(3-Indolyl)-glycerol 3-phosphate | M67: C11H12NO6P
A68: 3mob | D68: =Parameters!$D$19 -> 0.0001 | E68: =Parameters!$E$19 -> 1 | H68: C00141 | I68: -1 | J68: 7 | L68: 3-Methyl-2-oxobutanoate | M68: C5H7O3
A69: 3mop | D69: =Parameters!$D$19 -> 0.0001 | E69: =Parameters!$E$19 -> 1 | H69: C00671 | I69: -1 | J69: 9 | L69: (S)-3-Methyl-2-oxopentanoate | M69: C6H9O3
A70: 3ophb | D70: =Parameters!$D$19 -> 0.0001 | E70: =Parameters!$E$19 -> 1 | H70: C05809 | I70: -1 | J70: 69 | L70: 3-Octaprenyl-4-hydroxybenzoate | M70: C47H69O3
A71: 3pg | D71: =Parameters!$D$19 -> 0.0001 | E71: =Parameters!$E$19 -> 1 | H71: C00197 | I71: -3 | J71: 4 | L71: 3-Phospho-D-glycerate | M71: C3H4O7P
A72: 3php | D72: =Parameters!$D$19 -> 0.0001 | E72: =Parameters!$E$19 -> 1 | H72: C03232 | I72: -3 | J72: 2 | L72: 3-Phosphohydroxypyruvate | M72: C3H2O7P
A73: 3psme | D73: =Parameters!$D$19 -> 0.0001 | E73: =Parameters!$E$19 -> 1 | H73: C01269 | I73: -4 | J73: 9 | L73: 5-O-(1-Carboxyvinyl)-3-phosphoshikimate | M73: C10H9O10P
A74: 4abut | B74: =Parameters!$B$19 -> 0.0001 | C74: =Parameters!$C$19 -> 1 | D74: =Parameters!$D$19 -> 0.0001 | E74: =Parameters!$E$19 -> 1 | H74: C00334 | I74: 0 | J74: 9 | L74: 4-Aminobutanoate | M74: C4H9NO2
A75: 4abutn | D75: =Parameters!$D$19 -> 0.0001 | E75: =Parameters!$E$19 -> 1 | H75: C00555 | I75: 1 | J75: 10 | L75: 4-Aminobutanal | M75: C4H10NO
A76: 4abz | D76: =Parameters!$D$19 -> 0.0001 | E76: =Parameters!$E$19 -> 1 | H76: C00568 | I76: -1 | J76: 6 | L76: 4-Aminobenzoate | M76: C7H6NO2
A77: 4adcho | D77: =Parameters!$D$19 -> 0.0001 | E77: =Parameters!$E$19 -> 1 | H77: C11355 | I77: -1 | J77: 10 | L77: 4-amino-4-deoxychorismate | M77: C10H10NO5
A78: 4ahmmp | D78: =Parameters!$D$19 -> 0.0001 | E78: =Parameters!$E$19 -> 1 | H78: C01279 | I78: 0 | J78: 9 | L78: 4-Amino-5-hydroxymethyl-2-methylpyrimidine | M78: C6H9N3O
A79: 4ampm | D79: =Parameters!$D$19 -> 0.0001 | E79: =Parameters!$E$19 -> 1 | H79: C04556 | I79: -2 | J79: 8 | L79: 4-Amino-2-methyl-5-phosphomethylpyrimidine | M79: C6H8N3O4P
A80: 4c2me | D80: =Parameters!$D$19 -> 0.0001 | E80: =Parameters!$E$19 -> 1 | H80: C11435 | I80: -2 | J80: 23 | L80: 4-(cytidine 5'-diphospho)-2-C-methyl-D-erythritol | M80: C14H23N3O14P2
A81: 4h2opntn | D81: =Parameters!$D$19 -> 0.0001 | E81: =Parameters!$E$19 -> 1 | H81: C03589 | I81: -1 | J81: 7 | L81: 4-Hydroxy-2-oxopentanoate | M81: C5H7O4
A82: 4hba | D82: =Parameters!$D$19 -> 0.0001 | E82: =Parameters!$E$19 -> 1 | H82: C95002 | I82: 0 | J82: 8 | L82: 4-Hydroxy-benzyl alcohol | M82: C7H8O2
A83: 4hbz | D83: =Parameters!$D$19 -> 0.0001 | E83: =Parameters!$E$19 -> 1 | H83: C00156 | I83: -1 | J83: 5 | L83: 4-Hydroxybenzoate | M83: C7H5O3
A84: 4hthr | D84: =Parameters!$D$19 -> 0.0001 | E84: =Parameters!$E$19 -> 1 | H84: C06056 | I84: 0 | J84: 9 | L84: 4-Hydroxy-L-threonine | M84: C4H9NO4
A85: 4mhetz | D85: =Parameters!$D$19 -> 0.0001 | E85: =Parameters!$E$19 -> 1 | H85: C04294 | I85: 0 | J85: 9 | L85: 4-Methyl-5-(2-hydroxyethyl)-thiazole | M85: C6H9NOS
A86: 4mop | D86: =Parameters!$D$19 -> 0.0001 | E86: =Parameters!$E$19 -> 1 | H86: C00233 | I86: -1 | J86: 9 | L86: 4-Methyl-2-oxopentanoate | M86: C6H9O3
... A112: aacoa | D112: =Parameters!$D$19 -> 0.0001 | E112: =Parameters!$E$19 -> 1 | H112: C00332 | I112: -4 | J112: 36 | L112: Acetoacetyl-CoA | M112: C25H36N7O18P3S
A113: ac | B113: =Parameters!$B$19 -> 0.0001 | C113: =Parameters!$C$19 -> 1 | D113: =Parameters!$D$19 -> 0.0001 | E113: =Parameters!$E$19 -> 1 | H113: C00033 | I113: -1 | J113: 3 | L113: Acetate | M113: C2H3O2
A114: acac | B114: =Parameters!$B$19 -> 0.0001 | C114: =Parameters!$C$19 -> 1 | D114: =Parameters!$D$19 -> 0.0001 | E114: =Parameters!$E$19 -> 1 | H114: C00164 | I114: -1 | J114: 5 | L114: Acetoacetate | M114: C4H5O3
A115: acACP | D115: =Parameters!$D$19 -> 0.0001 | E115: =Parameters!$E$19 -> 1 | H115: C99966 | I115: -1 | J115: 23 | L115: Acetyl-ACP | M115: C13H23N2O8PRS
A116: acald | B116: =Parameters!$B$19 -> 0.0001 | C116: =Parameters!$C$19 -> 1 | D116: =Parameters!$D$19 -> 0.0001 | E116: =Parameters!$E$19 -> 1 | H116: C00084 | I116: 0 | J116: 4 | L116: Acetaldehyde | M116: C2H4O
A117: accoa | D117: =Parameters!$D$19 -> 0.0001 | E117: =Parameters!$E$19 -> 1 | H117: C00024 | I117: -4 | J117: 34 | L117: Acetyl-CoA | M117: C23H34N7O17P3S
A118: acg5p | D118: =Parameters!$D$19 -> 0.0001 | E118: =Parameters!$E$19 -> 1 | H118: C04133 | I118: -3 | J118: 9 | L118: N-Acetyl-L-glutamyl 5-phosphate | M118: C7H9NO8P
A119: acg5sa | D119: =Parameters!$D$19 -> 0.0001 | E119: =Parameters!$E$19 -> 1 | H119: C01250 | I119: -1 | J119: 10 | L119: N-Acetyl-L-glutamate 5-semialdehyde | M119: C7H10NO4
A120: acgam | B120: =Parameters!$B$19 -> 0.0001 | C120: =Parameters!$C$19 -> 1 | D120: =Parameters!$D$19 -> 0.0001 | E120: =Parameters!$E$19 -> 1 | H120: C00140 | I120: 0 | J120: 15 | L120: N-Acetyl-D-glucosamine (Extracellular) | M120: C8H15NO6
A121: acgam1p | D121: =Parameters!$D$19 -> 0.0001 | E121: =Parameters!$E$19 -> 1 | H121: C04256 | I121: -2 | J121: 14 | L121: N-Acetyl-D-glucosamine 1-phosphate | M121: C8H14NO9P
A122: acgam6p | D122: =Parameters!$D$19 -> 0.0001 | E122: =Parameters!$E$19 -> 1 | H122: C00357 | I122: -2 | J122: 14 | L122: N-Acetyl-D-glucosamine 6-phosphate | M122: C8H14NO9P
A123: acglu | D123: =Parameters!$D$19 -> 0.0001 | E123: =Parameters!$E$19 -> 1 | H123: C00624 | I123: -2 | J123: 9 | L123: N-Acetyl-L-glutamate | M123: C7H9NO5
A124: acmana | B124: =Parameters!$B$19 -> 0.0001 | C124: =Parameters!$C$19 -> 1 | D124: =Parameters!$D$19 -> 0.0001 | E124: =Parameters!$E$19 -> 1 | H124: C00645 | I124: 0 | J124: 15 | L124: N-Acetyl-D-mannosamine | M124: C8H15NO6
A125: acmanap | D125: =Parameters!$D$19 -> 0.0001 | E125: =Parameters!$E$19 -> 1 | H125: C04257 | I125: -2 | J125: 14 | L125: N-Acetyl-D-mannosamine 6-phosphate | M125: C8H14NO9P
A126: acnam | B126: =Parameters!$B$19 -> 0.0001 | C126: =Parameters!$C$19 -> 1 | D126: =Parameters!$D$19 -> 0.0001 | E126: =Parameters!$E$19 -> 1 | H126: C00270 | I126: -1 | J126: 18 | L126: N-Acetylneuraminate | M126: C11H18NO9
A127: aconm | D127: =Parameters!$D$19 -> 0.0001 | E127: =Parameters!$E$19 -> 1 | H127: C11514 | I127: -2 | J127: 6 | L127: E-3-carboxy-2-pentenedioate 6-methyl ester | M127: C7H6O6
A128: acon-T | D128: =Parameters!$D$19 -> 0.0001 | E128: =Parameters!$E$19 -> 1 | H128: C02341 | I128: -3 | J128: 3 | L128: trans-Aconitate | M128: C6H3O6
A129: acorn | D129: =Parameters!$D$19 -> 0.0001 | E129: =Parameters!$E$19 -> 1 | H129: C00437 | I129: 0 | J129: 14 | L129: N2-Acetyl-L-ornithine | M129: C7H14N2O3
A130: ACP | D130: =Parameters!$D$19 -> 0.0001 | E130: =Parameters!$E$19 -> 1 | H130: C99960 | I130: -1 | J130: 1 | L130: acyl carrier protein | M130: C11H21N2O7PRS
A131: acser | D131: =Parameters!$D$19 -> 0.0001 | E131: =Parameters!$E$19 -> 1 | H131: C00979 | I131: 0 | J131: 9 | L131: O-Acetyl-L-serine | M131: C5H9NO4
A132: actACP | D132: =Parameters!$D$19 -> 0.0001 | E132: =Parameters!$E$19 -> 1 | H132: C99974 | I132: -1 | J132: 25 | L132: Acetoacetyl-ACP | M132: C15H25N2O9PRS
A133: actp | D133: =Parameters!$D$19 -> 0.0001 | E133: =Parameters!$E$19 -> 1 | H133: C00227 | I133: -2 | J133: 3 | L133: Acetyl phosphate | M133: C2H3O5P
A134: ade | B134: =Parameters!$B$19 -> 0.0001 | C134: =Parameters!$C$19 -> 1 | D134: =Parameters!$D$19 -> 0.0001 | E134: =Parameters!$E$19 -> 1 | H134: C00147 | I134: 0 | J134: 5 | L134: Adenine | M134: C5H5N5
A135: adn | B135: =Parameters!$B$19 -> 0.0001 | C135: =Parameters!$C$19 -> 1 | D135: =Parameters!$D$19 -> 0.0001 | E135: =Parameters!$E$19 -> 1 | H135: C00212 | I135: 0 | J135: 13 | L135: Adenosine | M135: C10H13N5O4
A136: adocbi | D136: =Parameters!$D$19 -> 0.0001 | E136: =Parameters!$E$19 -> 1 | H136: C06508 | I136: 1 | J136: 84 | L136: Adenosyl cobinamide | M136: C58H85CoN16O11
A137: adocbip | D137: =Parameters!$D$19 -> 0.0001 | E137: =Parameters!$E$19 -> 1 | H137: C06509 | I137: -1 | J137: 83 | L137: Adenosyl cobinamide phosphate | M137: C58H84CoN16O14P
A138: adocbl | D138: =Parameters!$D$19 -> 0.0001 | E138: =Parameters!$E$19 -> 1 | H138: C00194 | I138: 0 | J138: 100 | L138: Adenosylcobalamin | M138: C72H101CoN18O17P
A139: adp | D139: =Parameters!$D$19 -> 0.0001 | E139: =Parameters!$E$19 -> 1 | H139: C00008 | I139: -3 | J139: 12 | L139: ADP | M139: C10H12N5O10P2
A140: adpglc | D140: =Parameters!$D$19 -> 0.0001 | E140: =Parameters!$E$19 -> 1 | H140: C00498 | I140: -2 | J140: 23 | L140: ADPglucose | M140: C16H23N5O15P2
A141: adphep-DD | D141: =Parameters!$D$19 -> 0.0001 | E141: =Parameters!$E$19 -> 1 | H141: C06397 | I141: -2 | J141: 25 | L141: ADP-D-glycero-D-manno-heptose | M141: C17H25N5O16P2
A142: adphep-LD | D142: =Parameters!$D$19 -> 0.0001 | E142: =Parameters!$E$19 -> 1 | H142: C06398 | I142: -2 | J142: 25 | L142: ADP-L-glycero-D-manno-heptose | M142: C17H25N5O16P2
A143: agdpcbi | D143: =Parameters!$D$19 -> 0.0001 | E143: =Parameters!$E$19 -> 1 | H143: C06510 | I143: -1 | J143: 95 | L143: Adenosine-GDP-cobinamide | M143: C68H96CoN21O21P2
A144: agm | D144: =Parameters!$D$19 -> 0.0001 | E144: =Parameters!$E$19 -> 1 | H144: C00179 | I144: 2 | J144: 16 | L144: Agmatine | M144: C5H16N4
A145: agpcEC | D145: =Parameters!$D$19 -> 0.0001 | E145: =Parameters!$E$19 -> 1 | H145: C95003 | I145: 0 | J145: 2524 | L145: acyl-glycerophosphocholine (E.coli) ** | M145: C1243H2524N50O350P50
A146: agpeEC | D146: =Parameters!$D$19 -> 0.0001 | E146: =Parameters!$E$19 -> 1 | H146: C95004 | I146: 0 | J146: 2224 | L146: acyl-glycerophospoethanolamine (E.coli) ** | M146: C1093H2224O350N50P50
A147: agpgEC | D147: =Parameters!$D$19 -> 0.0001 | E147: =Parameters!$E$19 -> 1 | H147: C95005 | I147: -50 | J147: 2174 | L147: acyl-glycerophosphoglycerol (E.coli) ** | M147: C1143H2224O450P50
... A151: air | D151: =Parameters!$D$19 -> 0.0001 | E151: =Parameters!$E$19 -> 1 | H151: C03373 | I151: -2 | J151: 12 | L151: 5-amino-1-(5-phospho-D-ribosyl)imidazole | M151: C8H12N3O7P
...

Sheet references
A1: REFERENCES
A2: Articles
A3: 1 | B3: Adam P, Hecht S, Eisenreich W, Kaiser J, Grawert T, Arigoni D, Bacher A, Rohdich F: Biosynthesis of terpenes: Studies on 1-hydroxy-2-methyl-2-(E)-butenyl 4-diphosphate reductase. Proc Natl Acad Sci U S A 2002, 99:12103-12113
A4: 2 | B4: Andrianopoulos K, Wang L, Reeves PR.: Identification of the fucose synthetase gene in the colanic acid gene cluster of Escherichia coli K-12.. J Bacteriol 1998, 180:998-1001
A5: 3 | B5: Ashiuchi M, Misono H.: Biochemical evidence that Escherichia coli hyi (orf b0508, gip) gene encodes hydroxypyruvate isomerase.. Biochim Biophys Acta 1999, 1435:153-159
A6: 4 | B6: Azizan A, Sherin D, DiRusso CC, Black PN: Energetics underlying the process of long-chain fatty acid transport. Arch Biochem Biophys 1999, 365:299-306
A7: 5 | B7: Bausch C, Peekhaus N, Utz C, Blais T, Murray E, Lowary T, Conway T: Sequence analysis of the GntII (subsidiary) system for gluconate metabolism reveals a novel pathway for L-idonic acid catabolism in Escherichia coli. J Bacteriol 1998, 180:3704-3710
A8: 6 | B8: Begley TP, Downs DM, Ealick SE, McLafferty FW, Van Loon AP, Taylor S, Campobasso N, Chiu HJ, Kinsland C, Reddick JJ, Xi J: Thiamin biosynthesis in prokaryotes. Arch Microbiol 1999, 171:293-300
A9: 7 | B9: Bhatnagar SK, Bullions LC, Bessman MJ: Characterization of the mutT nucleoside triphosphatase of Escherichia coli.. J Biol Chem 1991, 266:9050-9054
A10: 8 | B10: Blank L, Green J, Guest JR: AcnC of Escherichia coli is a 2-methylcitrate dehydratase (PrpD) that can use citrate and isocitrate as substrates. Microbiology 2002, 148:133-146
A11: 9 | B11: Bollinger JM Jr, Kwon DS, Huisman GW, Kolter R, Walsh CT.: Glutathionylspermidine metabolism in Escherichia coli. Purification, cloning, overproduction, and characterization of a bifunctional glutathionylspermidine synthetase/amidase.. J Biol Chem 1995, 270:14031-14041
A12: 10 | B12: Boos W, Shuman H.: Maltose/maltodextrin system of Escherichia coli: transport, metabolism, and regulation.. Microbiol Mol Biol Rev 1998, 62:204-229
A13: 11 | B13: Brock M, Maerker C, Schutz A, Volker U, Buckel W.: Oxidation of propionate to pyruvate in Escherichia coli. Involvement of methylcitrate dehydratase and aconitase.. Eur J Biochem 2002, 269:6184-6194
A14: 12 | B14: Bugg TD.: Overproduction, purification and properties of 2,3-dihydroxyphenylpropionate 1,2-dioxygenase from Escherichia coli.. Biochim Biophys Acta 1993, 1202:258-264
... A128: 126 | B128: Zientz E, Six S, Unden G.: Identification of a third secondary carrier (DcuC) for anaerobic C4-dicarboxylate transport in Escherichia coli: roles of the three Dcu carriers in uptake and exchange.. J Bacteriol 1996, 178:7241-7247
A130: Books
A131: 127 | B131: Bock,A. and G. Sawers: Fermentation. In Escherichia coli and Salmonella Cellular and Molecular Biology. ASM Press; 1996
A132: 128 | B132: C.R.H. Raetz: Bacterial Lipopolysaccharides: a Remarkable Family of Bioactive Macroamphiphiles. In Escherichia coli and Salmonella Cellular and Molecular Biology. ASM Press; 1996
A133: 129 | B133: Clark, DP and JE Cronan Jr: C2 Compounds and Fatty Acids as Carbon Sources. In Escherichia coli and Salmonella Cellular and Molecular Biology. ASM Press; 1996
A134: 130 | B134: Cronan, J.E. and C.O. Rock: Biosynthesis of Membrane Lipids. In Escherichia coli and Salmonella Cellular and Molecular Biology. ASM Press; 1996
A135: 131 | B135: E. McFall and E.B. Newman: Amino Acids as Carbon Sources. In Escherichia coli and Salmonella Cellular and Molecular Biology. ASM Press; 1996
A136: 132 | B136: E.C.C.Lin: Dissimilatory Pathways for Sugars, Polyols, and Carboxylates. In Escherichia coli and Salmonella Cellular and Molecular Biology. ASM Press; 1996
A137: 133 | B137: G.A. O'Toole, M.R. Rondon, J.R. Trzebiatowski, S.J. Suh and J.C. Escalante-Semerena: Biosynthesis and Utilization of Adenosyl-Cobalamin (Coenzyme B12). In Escherichia coli and Salmonella Cellular and Molecular Biology. ASM Press; 1996
A138: 134 | B138: M. E. Winkler: Biosynthesis of Histidine. In Escherichia coli and Salmonella Cellular and Molecular Biology. ASM Press; 1996
A139: 135 | B139: Maloney PC and TH Wilson: Ion Coupled Transport and Transporters. In Escherichia coli and Salmonella Cellular and Molecular Biology. ASM Press; 1996
A140: 136 | B140: Neidhardt, F.C., Ingraham, J.L., and Schaechter, M.: . In Physiology of the Bacterial Cell A Molecular Approach. Sinauer Associates; 1990
A141: 137 | B141: Penfound T and JW Foster: Biosynthesis and Recycling of NAD. In Escherichia coli and Salmonella Cellular and Molecular Biology. ASM Press; 1996
A142: 138 | B142: Pittard A.J.: Biosynthesis of the Aromatic Amino Acids. In Escherichia coli and Salmonella Cellular and Molecular Biology. ASM Press; 1996
... A145: 141 | B145: W. Boos and J.M. Lucht: Periplasmic binding protein-dependent ABC transporters. In Escherichia coli and Salmonella Cellular and Molecular Biology. ASM Press; 1996
A147: Websites
A148: 142 | B148: TC-DB Release 1.2 [ http://tcdb.ucsd.edu/tcdb/background.php]

Sheet Transmembrane_reactions_reed
A1: Abbreviation | B1: OfficialName | C1: Equation (note [c] and [e] at the beginning refer to the compartment the reaction takes place in, cytosolic and extracellular respectively) | F1: Subsystem | G1: ProteinClassDescription | H1: Ref. (listed below)
A2: 12PPDt | B2: S-Propane-1,2-diol facilitated transport | C2: 12ppd-S[e] <=> 12ppd-S[c] | D2: -300 | E2: 300 | F2: Transport, Extracellular | H2: 125
A3: ABUTt2 | B3: 4-aminobutyrate transport in via proton symport | C3: 4abut[e] + h[e] <=> 4abut[c] + h[c] | D3: -300 | E3: 300 | F3: Transport, Extracellular
A4: ACACt2 | B4: acetoacetate transport via proton symport | C4: acac[e] + h[e] <=> acac[c] + h[c] | D4: -300 | E4: 300 | F4: Putative Transporters
A5: ACALDt | B5: acetaldehyde reversible transport | C5: acald[e] <=> acald[c] | D5: -300 | E5: 300 | F5: Transport, Extracellular
A6: ACGApts | B6: N-Acetyl-D-glucosamine transport via PEP:Pyr PTS | C6: acgam[e] + pep[c] <=> acgam6p[c] + pyr[c] | D6: -300 | E6: 300 | F6: Transport, Extracellular | H6: 132
A7: ACMANApts | B7: N-acetyl-D-mannosamine transport via PTS | C7: acmana[e] + pep[c] <=> acmanap[c] + pyr[c] | D7: -300 | E7: 300 | F7: Transport, Extracellular | H7: 84
A8: ACNAMt2 | B8: N-acetylneuraminate proton symport | C8: acnam[e] + h[e] <=> acnam[c] + h[c] | D8: -300 | E8: 300 | F8: Transport, Extracellular
A9: ACt2r | B9: acetate reversible transport via proton symport | C9: ac[e] + h[e] <=> ac[c] + h[c] | D9: -300 | E9: 300 | F9: Transport, Extracellular
A10: ADEt2r | B10: adenine transport via proton symport (reversible) | C10: ade[e] + h[e] <=> ade[c] + h[c] | D10: -300 | E10: 300 | F10: Transport, Extracellular
A11: ADNt2 | B11: adenosine transport in via proton symport | C11: adn[e] + h[e] <=> adn[c] + h[c] | D11: -300 | E11: 300 | F11: Transport, Extracellular
A12: ADNt2r | B12: adenosine transport in via proton symport, reversible | C12: adn[e] + h[e] <=> adn[c] + h[c] | D12: -300 | E12: 300 | F12: Transport, Extracellular | H12: 75
A13: AKGt2r | B13: 2-oxoglutarate reversible transport via symport | C13: akg[e] + h[e] <=> akg[c] + h[c] | D13: -300 | E13: 300 | F13: Transport, Extracellular
A14: ALAabc | B14: L-alanine transport via ABC system | C14: ala-L[e] + atp[c] + h2o[c] <=> adp[c] + ala-L[c] + h[c] + pi[c] | D14: -300 | E14: 300 | F14: Transport, Extracellular | H14: 93
A15: ALARi | B15: alanine racemase (irreversible) | C15: ala-L[c] <=> ala-D[c] | D15: -300 | E15: 300 | F15: Alanine and aspartate metabolism | G15: EC-5.1.1.1
A16: ALAt2r | B16: L-alanine reversible transport via proton symport | C16: ala-L[e] + h[e] <=> ala-L[c] + h[c] | D16: -300 | E16: 300 | F16: Putative Transporters | H16: 93
A17: ALLTNt2r | B17: allantoin transport in via proton symport | C17: alltn[e] + h[e] <=> alltn[c] + h[c] | D17: -300 | E17: 300 | F17: Putative Transporters
A18: ARBabc | B18: L-arabinose transport via ABC system | C18: arab-L[e] + atp[c] + h2o[c] <=> adp[c] + arab-L[c] + h[c] + pi[c] | D18: -300 | E18: 300 | F18: Transport, Extracellular
A19: ARBt2r | B19: L-arabinose transport via proton symport | C19: arab-L[e] + h[e] <=> arab-L[c] + h[c] | D19: -300 | E19: 300 | F19: Transport, Extracellular
A20: ARGabc | B20: L-arginine transport via ABC system | C20: arg-L[e] + atp[c] + h2o[c] <=> adp[c] + arg-L[c] + h[c] + pi[c] | D20: -300 | E20: 300 | F20: Transport, Extracellular
A21: ARGORNt7 | B21: arginine/ornithine antiporter | C21: arg-L[e] + orn[c] <=> arg-L[c] + orn[e] | D21: -300 | E21: 300 | F21: Putative Transporters
A22: ASNabc | B22: L-asparagine transport via ABC system | C22: asn-L[e] + atp[c] + h2o[c] <=> adp[c] + asn-L[c] + h[c] + pi[c] | D22: -300 | E22: 300 | F22: Transport, Extracellular
A23: ASNt2r | B23: L-asparagine reversible transport via proton symport | C23: asn-L[e] + h[e] <=> asn-L[c] + h[c] | D23: -300 | E23: 300 | F23: Transport, Extracellular
A24: ASPabc | B24: L-aspartate transport via ABC system | C24: asp-L[e] + atp[c] + h2o[c] <=> adp[c] + asp-L[c] + h[c] + pi[c] | D24: -300 | E24: 300 | F24: Transport, Extracellular
A25: ASPt2 | B25: L-aspartate transport in via proton symport | C25: asp-L[e] + h[e] <=> asp-L[c] + h[c] | D25: -300 | E25: 300 | F25: Transport, Extracellular
A26: ASPt22 | B26: Aspartate transport via proton symport (2 H) | C26: asp-L[e] + (2) h[e] <=> asp-L[c] + (2) h[c] | D26: -300 | E26: 300 | F26: Transport, Extracellular | H26: 53
A27: ASPt23 | B27: L-asparate transport via proton symport (3 H) | C27: asp-L[e] + (3) h[e] <=> asp-L[c] + (3) h[c] | D27: -300 | E27: 300 | F27: Transport, Extracellular | H27: 53
A28: ATPS4r | B28: ATP synthase (four protons for one ATP) | C28: adp[c] + (4) h[e] + pi[c] <=> atp[c] + (3) h[c] + h2o[c] | D28: -300 | E28: 300 | F28: Oxidative phosphorylation | G28: EC-3.6.3.14
A29: BUTt2r | B29: Butyrate transport via proton symport, reversible | C29: but[e] + h[e] <=> but[c] + h[c] | D29: -300 | E29: 300 | F29: Putative Transporters
A30: CADVt | B30: Lysine/Cadaverine antiporter | C30: 15dap[c] + h[e] + lys-L[e] <=> 15dap[e] + h[c] + lys-L[c] | D30: -300 | E30: 300 | F30: Transport, Extracellular
A31: CBL1abc | B31: Cob(1)alamin transport via ABC system | C31: atp[c] + cbl1[e] + h2o[c] <=> adp[c] + cbl1[c] + h[c] + pi[c] | D31: -300 | E31: 300 | F31: Transport, Extracellular | H31: 13141
A32: CHLabc | B32: choline transport via ABC system | C32: atp[c] + chol[e] + h2o[c] <=> adp[c] + chol[c] + h[c] + pi[c] | D32: -300 | E32: 300 | F32: Putative Transporters
A33: CHLt2r | B33: choline transport via proton symport, reversible | C33: chol[e] + h[e] <=> chol[c] + h[c] | D33: -300 | E33: 300 | F33: Transport, Extracellular | H33: 64
A34: CITt7 | B34: Citrate transport via succinate antiport | C34: cit[e] + succ[c] <=> cit[c] + succ[e] | D34: -300 | E34: 300 | F34: Transport, Extracellular | H34: 87
A35: CO2t | B35: CO2 transporter via diffusion | C35: co2tot[e] <=> co2tot[c] | D35: -300 | E35: 300 | F35: Transport, Extracellular
A36: CRNt7 | B36: Carnitine/butyrobetaine antiporter | C36: crn[e] + gbbtn[c] <=> crn[c] + gbbtn[e] | D36: -300 | E36: 300 | F36: Transport, Extracellular | H36: 54
A37: CSNt2 | B37: cytosine transport in via proton symport | C37: csn[e] + h[e] <=> csn[c] + h[c] | D37: -300 | E37: 300 | F37: Transport, Extracellular
A38: CYNTt2 | B38: Cyanate transport via proton symport | C38: cynt[e] + h[e] <=> cynt[c] + h[c] | D38: -300 | E38: 300 | F38: Putative Transporters | H38: 105142
A39: CYSabc | B39: L-cysteine transport via ABC system | C39: atp[c] + cys-L[e] + h2o[c] <=> adp[c] + cys-L[c] + h[c] + pi[c] | D39: -300 | E39: 300 | F39: Transport, Extracellular
A40: CYTBD | B40: cytochrome oxidase bd (ubiquinol-8: 2 protons) | C40: (2) h[c] + (0.5) o2[c] + q8h2[c] <=> (2) h[e] + h2o[c] + q8[c] | D40: -300 | E40: 300 | F40: Oxidative phosphorylation
A41: CYTBO3 | B41: cytochrome oxidase bo3 (ubiquinol-8: 2.5 protons) | C41: (2.5) h[c] + (0.5) o2[c] + q8h2[c] <=> (2.5) h[e] + h2o[c] + q8[c] | D41: -300 | E41: 300 | F41: Oxidative phosphorylation
A42: CYTDt2 | B42: cytidine transport in via proton symport | C42: cytd[e] + h[e] <=> cytd[c] + h[c] | D42: -300 | E42: 300 | F42: Transport, Extracellular
A43: CYTDt2r | B43: cytidine transport in via proton symport, reversible | C43: cytd[e] + h[e] <=> cytd[c] + h[c] | D43: -300 | E43: 300 | F43: Transport, Extracellular | H43: 75
A44: DADNt2 | B44: deoxyadenosine transport in via proton symport | C44: dad-2[e] + h[e] <=> dad-2[c] + h[c] | D44: -300 | E44: 300 | F44: Transport, Extracellular
A45: DALAt2r | B45: D-alanine transport via proton symport | C45: ala-D[e] + h[e] <=> ala-D[c] + h[c] | D45: -300 | E45: 300 | F45: Transport, Extracellular
A46: DAPabc | B46: M-diaminopimelic acid ABC transport | C46: 26dap-M[e] + atp[c] + h2o[c] <=> 26dap-M[c] + adp[c] + h[c] + pi[c] | D46: -300 | E46: 300 | F46: Transport, Extracellular
A47: DCYTt2 | B47: deoxycytidine transport in via proton symport | C47: dcyt[e] + h[e] <=> dcyt[c] + h[c] | D47: -300 | E47: 300 | F47: Transport, Extracellular
A48: DDGLCNt2r | B48: 2-dehydro-3-deoxy-D-gluconate transport via proton symport, reversible | C48: 2ddglcn[e] + h[e] <=> 2ddglcn[c] + h[c] | D48: -300 | E48: 300 | F48: Transport, Extracellular | H48: 132
A49: DGSNt2 | B49: deoxyguanosine transport in via proton symport | C49: dgsn[e] + h[e] <=> dgsn[c] + h[c] | D49: -300 | E49: 300 | F49: Transport, Extracellular
A50: DHAt | B50: Dihydroxyacetone transport via facilitated diffusion | C50: dha[e] <=> dha[c] | D50: -300 | E50: 300 | F50: Transport, Extracellular
A51: DINSt2 | B51: deoxyinosine transport in via proton symport | C51: din[e] + h[e] <=> din[c] + h[c] | D51: -300 | E51: 300 | F51: Transport, Extracellular
A52: D-LACt2 | B52: D-lactate transport via proton symport | C52: h[e] + lac-D[e] <=> h[c] + lac-D[c] | D52: -300 | E52: 300 | F52: Transport, Extracellular | H52: 76
A53: DMSOR1e | B53: Dimethyl sulfoxide reductase (Menaquinol 8) | C53: dmso[e] + mql8[c] <=> dms[e] + h2o[e] + mqn8[c] | D53: -300 | E53: 300 | F53: Oxidative phosphorylation | H53: 39
A54: DMSOR2e | B54: Dimethyl sulfoxide reductase (Demethylmenaquinol 8) | C54: 2dmmql8[c] + dmso[e] <=> 2dmmq8[c] + dms[e] + h2o[e] | D54: -300 | E54: 300 | F54: Oxidative phosphorylation | H54: 39
A55: DSERt2r | B55: D-serine transport via proton symport | C55: h[e] + ser-D[e] <=> h[c] + ser-D[c] | D55: -300 | E55: 300 | F55: Transport, Extracellular
A56: DURIt2 | B56: deoxyuridine transport in via proton symport | C56: duri[e] + h[e] <=> duri[c] + h[c] | D56: -300 | E56: 300 | F56: Transport, Extracellular
A57: ETOHt2r | B57: ethanol reversible transport via proton symport | C57: etoh[e] + h[e] <=> etoh[c] + h[c] | D57: -300 | E57: 300 | F57: Transport, Extracellular
A58: FDH2 | B58: formate dehydrogenase (quinone-8: 2 protons) | C58: for[c] + (3) h[c] + q8[c] <=> co2tot[c] + (2) h[e] + q8h2[c] | D58: -300 | E58: 300 | F58: Oxidative phosphorylation | G58: EC-1.2.2.1
A59: FDH3 | B59: Formate Dehydrogenase (menaquinone-8: 2 protons) | C59: for[c] + (3) h[c] + mqn8[c] <=> co2tot[c] + (2) h[e] + mql8[c] | D59: -300 | E59: 300 | F59: Oxidative phosphorylation | G59: EC-1.2.2.1
A60: FE2abc | B60: iron (II) transport via ABC system | C60: atp[c] + fe2[e] + h2o[c] <=> adp[c] + fe2[c] + h[c] + pi[c] | D60: -300 | E60: 300 | F60: Transport, Extracellular | H60: 56
A61: FORt | B61: formate transport via diffusion | C61: for[e] <=> for[c] | D61: -300 | E61: 300 | F61: Transport, Extracellular
A62: FRUpts | B62: D-fructose transport via PEP:Pyr PTS | C62: fru[e] + pep[c] <=> f1p[c] + pyr[c] | D62: -300 | E62: 300 | F62: Transport, Extracellular
A63: FRUpts2 | B63: Fructose transport via PEP:Pyr PTS (f6p generating) | C63: fru[e] + pep[c] <=> f6p[c] + pyr[c] | D63: -300 | E63: 300 | F63: Transport, Extracellular | H63: 132
A64: FUCPt62 | B64: Fucose 1-phosphate transport via phosphate antiport | C64: fuc1p-L[e] + (2) pi[c] <=> fuc1p-L[c] + (2) pi[e] | D64: -300 | E64: 300 | F64: Transport, Extracellular | H64: 135
A65: FUCt | B65: L-fucose transport via proton symport | C65: fuc-L[e] + h[e] <=> fuc-L[c] + h[c] | D65: -300 | E65: 300 | F65: Transport, Extracellular
A66: FUMt22 | B66: Fumarate transport via proton symport (2 H) | C66: fum[e] + (2) h[e] <=> fum[c] + (2) h[c] | D66: -300 | E66: 300 | F66: Transport, Extracellular | H66: 53
A67: FUMt23 | B67: Fumarate transport via proton symport (3 H) | C67: fum[e] + (3) h[e] <=> fum[c] + (3) h[c] | D67: -300 | E67: 300 | F67: Transport, Extracellular | H67: 53,126
A68: G6Pt62 | B68: Glucose-6-phosphate transport via phosphate antiport | C68: g6p[e] + (2) pi[c] <=> g6p[c] + (2) pi[e] | D68: -300 | E68: 300 | F68: Transport, Extracellular | H68: 135
A69: GALabc | B69: D-galactose transport via ABC system | C69: atp[c] + gal[e] + h2o[c] <=> adp[c] + gal[c] + h[c] + pi[c] | D69: -300 | E69: 300 | F69: Transport, Extracellular
A70: GALCTNt2r | B70: D-galactonate transport via proton symport, reversible | C70: galctn-D[e] + h[e] <=> galctn-D[c] + h[c] | D70: -300 | E70: 300 | F70: Transport, Extracellular | H70: 132142
A71: GALCTt2r | B71: D-galactarte transport via proton symport, reversible | C71: galct-D[e] + h[e] <=> galct-D[c] + h[c] | D71: -300 | E71: 300 | F71: Putative Transporters
A72: GALt2 | B72: D-galactose transport in via proton symport | C72: gal[e] + h[e] <=> gal[c] + h[c] | D72: -300 | E72: 300 | F72: Transport, Extracellular
A73: GALTpts | B73: Galactitol transport via PEP:Pyr PTS | C73: galt[e] + pep[c] <=> galt1p[c] + pyr[c] | D73: -300 | E73: 300 | F73: Transport, Extracellular
A74: GALUi | B74: UTP-glucose-1-phosphate uridylyltransferase (irreversible) | C74: g1p[c] + h[c] + utp[c] <=> ppi[c] + udpg[c] | D74: -300 | E74: 300 | F74: Cell Envelope Biosynthesis | G74: EC-2.7.7.9
A75: GALURt2r | B75: D-galacturonate transport via proton symport, reversible | C75: galur[e] + h[e] <=> galur[c] + h[c] | D75: -300 | E75: 300 | F75: Transport, Extracellular | H75: 132
A76: GAMpts | B76: D-glucosamine transport via PEP:Pyr PTS | C76: gam[e] + pep[c] <=> gam6p[c] + pyr[c] | D76: -300 | E76: 300 | F76: Transport, Extracellular | H76: 132
A77: GLCDe | B77: Glucose dehydrogenase (ubiquinone-8 as acceptor) | C77: glc-D[e] + h2o[e] + q8[c] <=> glcn[e] + h[e] + q8h2[c] | D77: -300 | E77: 300 | F77: Oxidative phosphorylation | H77: 140
A78: GLCNt2r | B78: D-gluconate transport via proton symport, reversible | C78: glcn[e] + h[e] <=> glcn[c] + h[c] | D78: -300 | E78: 300 | F78: Transport, Extracellular | H78: 5
A79: GLCpts | B79: D-glucose transport via PEP:Pyr PTS | C79: glc-D[e] + pep[c] <=> g6p[c] + pyr[c] | D79: -300 | E79: 300 | F79: Transport, Extracellular | H79: 132139
A80: GLCRt2r | B80: D-glucarate transport via proton symport, reversible | C80: glcr[e] + h[e] <=> glcr[c] + h[c] | D80: -300 | E80: 300 | F80: Putative Transporters
A81: GLCt2 | B81: D-glucose transport in via proton symport | C81: glc-D[e] + h[e] <=> glc-D[c] + h[c] | D81: -300 | E81: 300 | F81: Transport, Extracellular
A82: GLCURt2r | B82: D-glucuronate transport via proton symport, reversible | C82: glcur[e] + h[e] <=> glcur[c] + h[c] | D82: -300 | E82: 300 | F82: Transport, Extracellular | H82: 132
A83: GLNabc | B83: L-glutamine transport via ABC system | C83: atp[c] + gln-L[e] + h2o[c] <=> adp[c] + gln-L[c] + h[c] + pi[c] | D83: -300 | E83: 300 | F83: Transport, Extracellular
A84: GLUabc | B84: L-glutamate transport via ABC system | C84: atp[c] + glu-L[e] + h2o[c] <=> adp[c] + glu-L[c] + h[c] + pi[c] | D84: -300 | E84: 300 | F84: Transport, Extracellular
A85: GLUABUTt7 | B85: 4-aminobutyrate/glutamate antiport | C85: 4abut[c] + glu-L[e] <=> 4abut[e] + glu-L[c] | D85: -300 | E85: 300 | F85: Putative Transporters
A86: GLUt2r | B86: L-glutamate transport via proton symport, reversible | C86: glu-L[e] + h[e] <=> glu-L[c] + h[c] | D86: -300 | E86: 300 | F86: Transport, Extracellular
A87: GLUt4 | B87: Na+/glutamate symport | C87: glu-L[e] + na1[e] <=> glu-L[c] + na1[c] | D87: -300 | E87: 300 | F87: Transport, Extracellular
A88: GLYALDt | B88: Glyceraldehyde facilitated diffusion | C88: glyald[e] <=> glyald[c] | D88: -300 | E88: 300 | F88: Transport, Extracellular | H88: 46
A89: GLYBabc | B89: Glycine betaine transport via ABC system | C89: atp[c] + glyb[e] + h2o[c] <=> adp[c] + glyb[c] + h[c] + pi[c] | D89: -300 | E89: 300 | F89: Putative Transporters
A90: GLYBt2r | B90: Glycine betaine transport via proton symport, reversible | C90: glyb[e] + h[e] <=> glyb[c] + h[c] | D90: -300 | E90: 300 | F90: Putative Transporters
A91: GLYC3Pabc | B91: sn-Glycerol 3-phosphate transport via ABC system | C91: atp[c] + glyc3p[e] + h2o[c] <=> adp[c] + glyc3p[c] + h[c] + pi[c] | D91: -300 | E91: 300 | F91: Transport, Extracellular | H91: 142
A92: GLYC3Pt6 | B92: Glycerol-3-phosphate : phosphate antiporter | C92: glyc3p[e] + pi[c] <=> glyc3p[c] + pi[e] | D92: -300 | E92: 300 | F92: Transport, Extracellular
A93: GLYCLTt2r | B93: glycolate transport via proton symport, reversible | C93: glyclt[e] + h[e] <=> glyclt[c] + h[c] | D93: -300 | E93: 300 | F93: Transport, Extracellular | H93: 76
A94: GLYCt | B94: glycerol transport via channel | C94: glyc[c] <=> glyc[e] | D94: -300 | E94: 300 | F94: Transport, Extracellular | H94: 46
A95: GLYt2r | B95: glycine reversible transport via proton symport | C95: gly[e] + h[e] <=> gly[c] + h[c] | D95: -300 | E95: 300 | F95: Transport, Extracellular
A96: GSNt2 | B96: guanosine transport in via proton symport | C96: gsn[e] + h[e] <=> gsn[c] + h[c] | D96: -300 | E96: 300 | F96: Transport, Extracellular
A97: GUAt | B97: Guanine transport | C97: gua[e] <=> gua[c] | D97: -300 | E97: 300 | F97: Transport, Extracellular
A98: GUAt2 | B98: guanine transport in via proton symport | C98: gua[e] + h[e] <=> gua[c] + h[c] | D98: -300 | E98: 300 | F98: Putative Transporters
A99: H2Ot | B99: H2O transport via diffusion | C99: h2o[e] <=> h2o[c] | D99: -300 | E99: 300 | F99: Transport, Extracellular
A100: HCINNMt2r | B100: 3-hydroxycinnamic acid transport via proton symport, reversible | C100: 3hcinnm[e] + h[e] <=> 3hcinnm[c] + h[c] | D100: -300 | E100: 300 | F100: Putative Transporters | H100: 25
...

Sheet Transmembrane reactions_Orth
A1: Abbreviation | B1: Lower Bound | C1: Upper Bound | D1: Stoichiometry | E1: Intracellular part | F1: Transmembrane part | G1: Transport map
A2: ADNt2 | B2: -300 | C2: 300 | D2: adn[e] <=> adn[c] | K2: ALARi
A3: ASPt2 | B3: -300 | C3: 300 | D3: asp-L[e] <=> asp-L[c] | K3: FUMt23 | L3: Fumarate transport via proton symport (3 H) | M3: Transport, Extracellular | N3: fum[e] + (3) h[e] <=> fum[c] + (3) h[c]
A4: CYTBD | B4: -300 | C4: 300 | D4: (0.5) o2[c] + q8h2[c] <=> h2o[c] + q8[c] | K4: GALUi | L4: UTP-glucose-1-phosphate uridylyltransferase (irreversible) | M4: Cell Envelope Biosynthesis | N4: g1p[c] + h[c] + utp[c] <=> ppi[c] + udpg[c]
A5: CYTDt2 | B5: -300 | C5: 300 | D5: cytd[e] <=> cytd[c] | K5: GLCDe | L5: Glucose dehydrogenase (ubiquinone-8 as acceptor) | M5: Oxidative phosphorylation | N5: glc-D[e] + h2o[e] + q8[c] <=> glcn[e] + h[e] + q8h2[c]
A6: FUMt22 | B6: -300 | C6: 300 | D6: fum[e] <=> fum[c] | K6: INSt2r | L6: inosine transport in via proton symport, reversible | M6: Transport, Extracellular | N6: h[e] + ins[e] <=> h[c] + ins[c]
A7: GUAt | B7: -300 | C7: 300 | D7: gua[e] <=> gua[c] | K7: LCADi | L7: lactaldehyde dehydrogenase | M7: Alternate Carbon Metabolism | N7: h2o[c] + lald-L[c] + nad[c] <=> (2) h[c] + lac-L[c] + nadh[c]
A8: INSt2 | B8: -300 | C8: 300 | D8: ins[e] <=> ins[c] | K8: MALt23 | L8: Malate transport via proton symport (3 H) | M8: Transport, Extracellular | N8: (3) h[e] + mal-L[e] <=> (3) h[c] + mal-L[c]
A9: MALt22 | B9: -300 | C9: 300 | D9: mal-L[e] <=> mal-L[c] | K9: NAt32 | L9: sodium proton antiporter (H:NA is 2) | M9: Transport, Extracellular | N9: (2) h[e] + na1[c] <=> (2) h[c] + na1[e]
A10: NAt31 | B10: -300 | C10: 300 | D10: na1[c] <=> na1[e] | K10: SUCCt23 | L10: Succintate transport via proton symport (3 H) | M10: Transport, Extracellular | N10: (3) h[e] + succ[e] <=> (3) h[c] + succ[c]
A11: SUCCt22 | B11: -300 | C11: 300 | D11: succ[e] <=> succ[c] | K11: THMDt2r | L11: thymidine transport in via proton symport, reversible | M11: Transport, Extracellular | N11: h[e] + thymd[e] <=> h[c] + thymd[c]
A12: THMDt2 | B12: -300 | C12: 300 | D12: thymd[e] <=> thymd[c] | K12: URAt2r | L12: uracil transport in via proton symport, reversible | M12: Putative Transporters | N12: h[e] + ura[e] <=> h[c] + ura[c]
A13: URAt2 | B13: -300 | C13: 300 | D13: ura[e] <=> ura[c] | K13: URIt2r | L13: uridine transport in via proton symport, reversible | M13: Transport, Extracellular | N13: h[e] + uri[e] <=> h[c] + uri[c]
A14: URIt2 | B14: -300 | C14: 300 | D14: uri[e] <=> uri[c] | K14: XANt2 | L14: xanthine transport in via proton symport | M14: Putative Transporters | N14: h[e] + xan[e] <=> h[c] + xan[c]
A15: XANt | B15: -300 | C15: 300 | D15: xan[e] <=> xan[c]
A16: 12PPDt | B16: -300 | C16: 300 | D16: 12ppd-S[e] <=> 12ppd-S[c]
A17: ABUTt2 | B17: -300 | C17: 300 | D17: 4abut[e] <=> 4abut[c]
A18: ACACt2 | B18: -300 | C18: 300 | D18: acac[e] <=> acac[c]
A19: ACALDt | B19: -300 | C19: 300 | D19: acald[e] <=> acald[c]
A20: ACGApts | B20: -300 | C20: 300 | D20: pep[c] + acgam[e] <=> acgam6p[c] + pyr[c]
A21: ACMANApts | B21: -300 | C21: 300 | D21: pep[c] + acmana[e] <=> acmanap[c] + pyr[c]
A22: ACNAMt2 | B22: -300 | C22: 300 | D22: acnam[e] <=> acnam[c]
A23: ACt2r | B23: -300 | C23: 300 | D23: ac[e] <=> ac[c]
A24: ADEt2r | B24: -300 | C24: 300 | D24: ade[e] <=> ade[c]
A25: AKGt2r | B25: -300 | C25: 300 | D25: akg[e] <=> akg[c]
A26: ALAabc | B26: -300 | C26: 300 | D26: atp[c] + h2o[c] + ala-L[e] <=> adp[c] + ala-L[c] + pi[c]
... A189: XYLt2 | B189: -300 | C189: 300 | D189: xyl-D[e] <=> xyl-D[c]

Sheet Transmembrane reactions old
A1: Abbreviation | B1: Lower Bound | C1: Upper Bound | D1: Stoichiometry | E1: Intracellular part | F1: Transmembrane part | G1: Transport map | I1: chargetransport | J1: type | L1: reed name | M1: OfficialName
A2: ABUTt2_0 | B2: 0 | C2: 300 | D2: 4abut[e] <=> 4abut[c] | F2: 4abut{0}[e] <=> 4abut{0}[c] | G2: c|>|e | H2: eq | I2: 0 | J2: one metabolite transport | L2: ABUTt2 | M2: 4-aminobutyrate transport in via proton symport
A3: ACACt2_-1 | B3: -300 | C3: 300 | D3: acac[e] <=> acac[c] | F3: acac{-1}[e] <=> acac{-1}[c] | G3: c|>|e | I3: 0 | J3: one metabolite transport | L3: ACACt2 | M3: acetoacetate transport via proton symport
A4: ACACt2_-1+1H | B4: -300 | C4: 300 | D4: acac[e] <=> acac[c] | F4: acac{-1}[e] + h{1}[e] <=> acac{-1}[c] + h{1}[c] | G4: c|>|e | H4: eq | I4: 0 | J4: one metabolite transport
A5: ACNAMt2_-1 | B5: -300 | C5: 300 | D5: acnam[e] <=> acnam[c] | F5: acnam{-1}[e] <=> acnam{-1}[c] | G5: c|>|e | I5: 0 | J5: one metabolite transport | L5: ACNAMt2 | M5: N-acetylneuraminate proton symport | N5: Transport, Extracellular
A6: ACNAMt2_-1+1H | B6: -300 | C6: 300 | D6: acnam[e] <=> acnam[c] | F6: acnam{-1}[e] + h{1}[e] <=> acnam{-1}[c] + h{1}[c] | G6: c|>|e | H6: eq | I6: 0 | J6: one metabolite transport
A7: ACt2r_-1 | B7: -300 | C7: 300 | D7: ac[e] <=> ac[c] | F7: ac{-1}[e] <=> ac{-1}[c] | G7: c|>|e | I7: 0 | J7: one metabolite transport | L7: ACt2r | M7: acetate reversible transport via proton symport
A8: ACt2r_-1+1H | B8: -300 | C8: 300 | D8: ac[e] <=> ac[c] | F8: ac{-1}[e] + h{1}[e] <=> ac{-1}[c] + h{1}[c] | G8: c|>|e | H8: eq | I8: 0 | J8: one metabolite transport
A9: AKGt2r_-2 | B9: -300 | C9: 300 | D9: akg[e] <=> akg[c] | F9: akg{-2}[e] <=> akg{-2}[c] | G9: c|>|e | I9: -1 | J9: one metabolite transport | L9: AKGt2r | M9: 2-oxoglutarate reversible transport via symport
A10: AKGt2r_-2+2H | B10: -300 | C10: 300 | D10: akg[e] <=> akg[c] | F10: akg{-2}[e] + (2) h{1}[e] <=> akg{-2}[c] + (2) h{1}[c] | G10: c|>|e | H10: eq | I10: 0 | J10: symport
A11: ALAabc_0 | B11: 0 | C11: 300 | D11: ala-L[e] + atp[c] + h2o[c] <=> adp[c] + ala-L[c] + pi[c] | E11: atp[c] + h2o[c] <=> adp[c] + pi[c] | F11: ala-L{0}[e] <=> ala-L{0}[c] | G11: c|>|e | I11: 0 | J11: one metabolite transport | L11: ALAabc | M11: L-alanine transport via ABC system
A12: ALAt2r_0 | B12: -300 | C12: 300 | D12: ala-L[e] <=> ala-L[c] | F12: ala-L{0}[e] <=> ala-L{0}[c] | G12: c|>|e | H12: eq | I12: 0 | J12: one metabolite transport | L12: ALAt2r | M12: L-alanine reversible transport via proton symport
A13: ARBabc_0 | B13: 0 | C13: 300 | D13: arab-L[e] + atp[c] + h2o[c] <=> adp[c] + arab-L[c] + pi[c] | E13: atp[c] + h2o[c] <=> adp[c] + pi[c] | F13: arab-L{0}[e] <=> arab-L{0}[c] | G13: c|>|e | I13: 0 | J13: one metabolite transport | L13: ARBabc | M13: L-arabinose transport via ABC system
A14: ARBt2r_0 | B14: -300 | C14: 300 | D14: arab-L[e] <=> arab-L[c] | F14: arab-L{0}[e] <=> arab-L{0}[c] | G14: c|>|e | H14: eq | I14: 0 | J14: one metabolite transport | L14: ARBt2r | M14: L-arabinose transport via proton symport
A15: ARGabc_1 | B15: 0 | C15: 300 | D15: arg-L[e] + atp[c] + h2o[c] <=> adp[c] + arg-L[c] + pi[c] | E15: atp[c] + h2o[c] <=> adp[c] + pi[c] | F15: arg-L{1}[e] <=> arg-L{1}[c] | G15: c|>|e | I15: 0 | J15: one metabolite transport | L15: ARGabc | M15: L-arginine transport via ABC system
A16: ARGORNt7_1_1 | B16: -300 | C16: 300 | D16: arg-L[e] + orn[c] <=> arg-L[c] + orn[e] | F16: arg-L{1}[e] + orn{1}[c] <=> arg-L{1}[c] + orn{1}[e] | G16: c|>|e | H16: eq | I16: 0 | J16: one metabolite transport | L16: ARGORNt7 | M16: arginine/ornithine antiporter
A17: ASNabc_0 | B17: 0 | C17: 300 | D17: asn-L[e] + atp[c] + h2o[c] <=> adp[c] + asn-L[c] + pi[c] | E17: atp[c] + h2o[c] <=> adp[c] + pi[c] | F17: asn-L{0}[e] <=> asn-L{0}[c] | G17: c|>|e | I17: 0 | J17: one metabolite transport | L17: ASNabc | M17: L-asparagine transport via ABC system
A18: ASNt2r_0 | B18: -300 | C18: 300 | D18: asn-L[e] <=> asn-L[c] | F18: asn-L{0}[e] <=> asn-L{0}[c] | G18: c|>|e | H18: eq | I18: 0 | J18: one metabolite transport | L18: ASNt2r | M18: L-asparagine reversible transport via proton symport
A19: ASPabc_-1 | B19: 0 | C19: 300 | D19: asp-L[e] + atp[c] + h2o[c] <=> adp[c] + asp-L[c] + pi[c] | E19: atp[c] + h2o[c] <=> adp[c] + pi[c] | F19: asp-L{-1}[e] <=> asp-L{-1}[c] | G19: c|>|e | I19: 0 | J19: one metabolite transport | L19: ASPabc | M19: L-aspartate transport via ABC system
A20: ASPt2_-1 | B20: 0 | C20: 300 | D20: asp-L[e] <=> asp-L[c] | F20: asp-L{-1}[e] <=> asp-L{-1}[c] | G20: c|>|e | I20: 0 | J20: one metabolite transport | L20: ASPt2 | M20: L-aspartate transport in via proton symport
A21: ASPt2_-1+1H | B21: 0 | C21: 300 | D21: asp-L[e] <=> asp-L[c] | F21: asp-L{-1}[e] + h{1}[e] <=> asp-L{-1}[c] + h{1}[c] | G21: c|>|e | H21: eq | I21: 2 | J21: one metabolite transport
A22: ATPS4rpp_4 | B22: -300 | C22: 300 | D22: adp[c] + pi[c] <=> atp[c] + h2o[c] | E22: adp[c] + pi[c] <=> atp[c] + h2o[c] | F22: (4) h{1}[e] <=> (4) h{1}[c] | G22: c|>|e | I22: 0 | J22: one metabolite transport | L22: ATPS4r | M22: ATP synthase (four protons for one ATP)
A23: BUTt2r_-1 | B23: -300 | C23: 300 | D23: but[e] <=> but[c] | F23: but{-1}[e] <=> but{-1}[c] | G23: c|>|e | I23: 0 | J23: one metabolite transport | L23: BUTt2r | M23: Butyrate transport via proton symport, reversible
A24: BUTt2r_-1+1H | B24: -300 | C24: 300 | D24: but[e] <=> but[c] | F24: but{-1}[e] + h{1}[e] <=> but{-1}[c] + h{1}[c] | G24: c|>|e | H24: eq | I24: 0 | J24: one metabolite transport
A25: CADVt_-1+1H | B25: 0 | C25: 300 | D25: 15dap[c] + lys-L[e] <=> 15dap[e] + lys-L[c] | F25: 15dap{2}[c] + h{1}[e] + lys-L{1}[e] <=> 15dap{2}[e] + h{1}[c] + lys-L{1}[c] | G25: c|>|e | H25: eq | I25: 0 | J25: one metabolite transport | L25: CADVt | M25: Lysine/Cadaverine antiporter
A26: CADVt_2_1 | B26: 0 | C26: 300 | D26: 15dap[c] + lys-L[e] <=> 15dap[e] + lys-L[c] | F26: 15dap{2}[c] + lys-L{1}[e] <=> 15dap{2}[e] + lys-L{1}[c] | G26: c|>|e | I26: 0 | J26: one metabolite transport
A27: Cex | B27: -300 | C27: 300 | F27: charge{1}[c] <=> charge{1}[e] | G27: c|>|e
A28: CHLabc_1 | B28: 0 | C28: 300 | D28: atp[c] + chol[e] + h2o[c] <=> adp[c] + chol[c] + pi[c] | E28: atp[c] + h2o[c] <=> adp[c] + pi[c] | F28: chol{1}[e] <=> chol{1}[c] | G28: c|>|e | I28: 0 | J28: one metabolite transport | L28: CHLabc | M28: choline transport via ABC system
A29: CHLt2r_1 | B29: -300 | C29: 300 | D29: chol[e] <=> chol[c] | F29: chol{1}[e] <=> chol{1}[c] | G29: c|>|e | I29: 0 | J29: one metabolite transport | L29: CHLt2r | M29: choline transport via proton symport, reversible
A30: CHLt2r_1+1H | B30: -300 | C30: 300 | D30: chol[e] <=> chol[c] | F30: chol{1}[e] + h{1}[c] <=> chol{1}[c] + h{1}[e] | G30: c|>|e | H30: eq | I30: 0 | J30: one metabolite transport
A31: CITt7_1+1H | B31: 0 | C31: 300 | D31: cit[e] + succ[c] <=> cit[c] + succ[e] | F31: cit{-3}[e] + h{1}[e] + succ{-2}[c] <=> cit{-3}[c] + h{1}[c] + succ{-2}[e] | G31: c|>|e | H31: eq | I31: 0 | J31: one metabolite transport | L31: CITt7 | M31: Citrate transport via succinate antiport
A32: CITt7_-2_-3 | B32: -300 | C32: 300 | D32: cit[e] + succ[c] <=> cit[c] + succ[e] | F32: cit{-3}[e] + succ{-2}[c] <=> cit{-3}[c] + succ{-2}[e] | G32: c|>|e | I32: 0 | J32: one metabolite transport
A33: CO2t_0 | B33: -300 | C33: 300 | D33: co2tot[e] <=> co2tot[c] | F33: co2tot{0}[e] <=> co2tot{0}[c] | G33: c|>|e | H33: eq | I33: 0 | J33: one metabolite transport | L33: CO2t | M33: CO2 transporter via diffusion
A34: CSNt2_0 | B34: 0 | C34: 300 | D34: csn[e] <=> csn[c] | F34: csn{0}[e] <=> csn{0}[c] | G34: c|>|e | H34: eq | I34: 0 | J34: one metabolite transport | L34: CSNt2 | M34: cytosine transport in via proton symport
A35: CSNt2_-1 | B35: 0 | C35: 300 | D35: csn[e] <=> csn[c] | F35: csn{-1}[e] <=> csn{-1}[c] | G35: c|>|e | I35: 0 | J35: one metabolite transport
A36: CYNTt2_-1 | B36: 0 | C36: 300 | D36: cynt[e] <=> cynt[c] | F36: cynt{-1}[e] <=> cynt{-1}[c] | G36: c|>|e | I36: 0 | J36: one metabolite transport | L36: CYNTt2 | M36: Cyanate transport via proton symport
A37: CYNTt2_-1+1H | B37: 0 | C37: 300 | D37: cynt[e] <=> cynt[c] | F37: cynt{-1}[e] + h{1}[e] <=> cynt{-1}[c] + h{1}[c] | G37: c|>|e | H37: eq | I37: 0 | J37: one metabolite transport
A38: CYTBDpp_1 | B38: 0 | C38: 300 | D38: (0.5) o2[c] + q8h2[c] <=> h2o[c] + q8[c] | E38: (0.5) o2[c] + q8h2[c] <=> h2o[c] + q8[c] | F38: (2) h{1}[c] <=> (2) h{1}[e] | G38: c|>|e | I38: 0 | J38: one metabolite transport | L38: CYTBD | M38: cytochrome oxidase bd (ubiquinol-8: 2 protons)
A39: CYTBO34pp_4 | B39: 0 | C39: 300 | D39: (0.5) o2[c] + q8h2[c] <=> h2o[c] + q8[c] | E39: (0.5) o2[c] + q8h2[c] <=> h2o[c] + q8[c] | F39: (4) h{1}[c] <=> (4) h{1}[e] | G39: c|>|e | I39: 0 | J39: one metabolite transport | L39: CYTBO3 | M39: cytochrome oxidase bo3 (ubiquinol-8: 2.5 protons)
A40: DDGLCNt2r_-1 | B40: -300 | C40: 300 | D40: 2ddglcn[e] <=> 2ddglcn[c] | F40: 2ddglcn{-1}[e] <=> 2ddglcn{-1}[c] | G40: c|>|e | I40: 0 | J40: one metabolite transport | L40: DDGLCNt2r | M40: 2-dehydro-3-deoxy-D-gluconate transport via proton symport, reversible
A41: DDGLCNt2r_-1+1H | B41: -300 | C41: 300 | D41: 2ddglcn[e] <=> 2ddglcn[c] | F41: 2ddglcn{-1}[e] + h{1}[e] <=> 2ddglcn{-1}[c] + h{1}[c] | G41: c|>|e | H41: eq | I41: 0 | J41: one metabolite transport
A42: D-LACt2_-1 | B42: -300 | C42: 300 | D42: lac-D[e] <=> lac-D[c] | F42: lac-D{-1}[e] <=> lac-D{-1}[c] | G42: c|>|e | I42: 0 | J42: one metabolite transport | L42: D-LACt2 | M42: D-lactate transport via proton symport
A43: D-LACt2_-1+1H | B43: -300 | C43: 300 | D43: lac-D[e] <=> lac-D[c] | F43: h{1}[e] + lac-D{-1}[e] <=> h{1}[c] + lac-D{-1}[c] | G43: c|>|e | H43: eq | I43: 0 | J43: one metabolite transport
A44: DMSOR1pp_0 | B44: 0 | C44: 300 | D44: dmso[e] + mql8[c] <=> dms[e] + h2o[e] + mqn8[c] | E44: dmso[e] + mql8[c] <=> dms[e] + h2o[e] + mqn8[c] | F44: (2) h{1}[c] + (2) electron{-1}[c] <=> (2) h{1}[e] + (2) electron{-1}[e] | G44: c|>|e | I44: 0 | J44: one metabolite transport | L44: DMSOR1e | M44: Dimethyl sulfoxide reductase (Menaquinol 8)
A45: DMSOR2pp_0 | B45: 0 | C45: 300 | D45: 2dmmql8[c] + dmso[e] <=> 2dmmq8[c] + dms[e] + h2o[e] | E45: 2dmmql8[c] + dmso[e] <=> 2dmmq8[c] + dms[e] + h2o[e] | F45: (2) h{1}[c] + (2) electron{-1}[c] <=> (2) h{1}[e] + (2) electron{-1}[e] | G45: c|>|e | I45: 0 | J45: one metabolite transport | L45: DMSOR2e | M45: Dimethyl sulfoxide reductase (Demethylmenaquinol 8)
A46: DURIt2_0 | B46: 0 | C46: 300 | D46: duri[e] <=> duri[c] | F46: duri{0}[e] <=> duri{0}[c] | G46: c|>|e | H46: eq | I46: 0 | J46: symport | L46: DURIt2 | M46: deoxyuridine transport in via proton symport
A47: DURIt2_-1 | B47: 0 | C47: 300 | D47: duri[e] <=> duri[c] | F47: duri{-1}[e] <=> duri{-1}[c] | G47: c|>|e | I47: 0 | J47: one metabolite transport
A48: ETOHt2r_0 | B48: -300 | C48: 300 | D48: etoh[e] <=> etoh[c] | F48: etoh{0}[e] <=> etoh{0}[c] | G48: c|>|e | H48: eq | I48: 0 | J48: one metabolite transport | L48: ETOHt2r | M48: ethanol reversible transport via proton symport
A49: FDH4pp_-2 | B49: 0 | C49: 300 | D49: q8[c] + for[e] <=> q8h2[c] + co2tot[e] | E49: for[e] + q8[c] <=> co2tot[e] + q8h2[c] | F49: (2) electron{-1}[e] <=> (2) electron{-1}[c] | G49: c|>|e | I49: 0 | J49: one metabolite transport | L49: FDH2 | M49: formate dehydrogenase (quinone-8: 2 protons)
A50: FDH5pp_-2 | B50: 0 | C50: 300 | D50: mqn8[c] + for[e] <=> mql8[c] + co2tot[e] | E50: for[e] + mqn8[c] <=> co2tot[e] + mql8[c] | F50: (2) electron{-1}[e] <=> (2) electron{-1}[c] | G50: c|>|e | I50: 3 | J50: one metabolite transport | L50: FDH3 | M50: Formate Dehydrogenase (menaquinone-8: 2 protons)
A51: FORt_-1 | B51: 0 | C51: 300 | D51: for[e] <=> for[c] | F51: for{-1}[e] <=> for{-1}[c] | G51: c|>|e | I51: 0 | J51: one metabolite transport | L51: FORt | M51: formate transport via diffusion
A52: FORt_-1+1H | B52: -300 | C52: 300 | D52: for[e] <=> for[c] | F52: for{-1}[e] + h{1}[e] <=> for{-1}[c] + h{1}[c] | G52: c|>|e | H52: eq | I52: 0 | J52: symport
A53: FRUpts_0 | B53: 0 | C53: 300 | D53: fru[e] + pep[c] <=> f1p[c] + pyr[c] | E53: fru[c] + pep[c] <=> f1p[c] + pyr[c] | F53: fru{0}[e] <=> fru{0}[c] | G53: c|>|e | I53: 0 | J53: one metabolite transport | L53: FRUpts | M53: D-fructose transport via PEP:Pyr PTS
A54: FRUpts2_0 | B54: 0 | C54: 300 | D54: fru[e] + pep[c] <=> f6p[c] + pyr[c] | E54: fru[c] + pep[c] <=> f6p[c] + pyr[c] | F54: fru{0}[e] <=> fru{0}[c] | G54: c|>|e | I54: 1 | J54: one metabolite transport | L54: FRUpts2 | M54: Fructose transport via PEP:Pyr PTS (f6p generating)
A55: FUCPt62_0+2H | B55: -300 | C55: 300 | D55: fuc1p-L[e] + (2) pi[c] <=> fuc1p-L[c] + (2) pi[e] | F55: fuc1p-L{-2}[e] + (2) h{1}[c] + (2) pi{-2}[c] <=> fuc1p-L{-2}[c] + (2) h{1}[e] + (2) pi{-2}[e] | G55: c|>|e | H55: eq | I55: 0 | J55: one metabolite transport | L55: FUCPt62 | M55: Fucose 1-phosphate transport via phosphate antiport
A56: FUCPt62_-2_-2 | B56: -300 | C56: 300 | D56: fuc1p-L[e] + (2) pi[c] <=> fuc1p-L[c] + (2) pi[e] | F56: fuc1p-L{-2}[e] + (2) pi{-2}[c] <=> fuc1p-L{-2}[c] + (2) pi{-2}[e] | G56: c|>|e | I56: -2 | J56: one metabolite transport
A57: FUMt22_-2 | B57: 0 | C57: 300 | D57: fum[e] <=> fum[c] | F57: fum{-2}[e] <=> fum{-2}[c] | G57: c|>|e | I57: 0 | J57: one metabolite transport | L57: FUMt22 | M57: Fumarate transport via proton symport (2 H)
A58: FUMt22_-2+2H | B58: 0 | C58: 300 | D58: fum[e] <=> fum[c] | F58: fum{-2}[e] + (2) h{1}[e] <=> fum{-2}[c] + (2) h{1}[c] | G58: c|>|e | H58: eq | I58: 0 | J58: one metabolite transport
A59: G6Pt62_0+2H | B59: 0 | C59: 300 | D59: g6p[e] + (2) pi[c] <=> g6p[c] + (2) pi[e] | F59: g6p{-2}[e] + (2) h{1}[c] + (2) pi{-2}[c] <=> g6p{-2}[c] + (2) h{1}[e] + (2) pi{-2}[e] | G59: c|>|e | H59: eq | I59: 0 | J59: one metabolite transport | L59: G6Pt62 | M59: Glucose-6-phosphate transport via phosphate antiport
A60: G6Pt62_-2_-2 | B60: 0 | C60: 300 | D60: g6p[e] + (2) pi[c] <=> g6p[c] + (2) pi[e] | F60: g6p{-2}[e] + (2) pi{-2}[c] <=> g6p{-2}[c] + (2) pi{-2}[e] | G60: c|>|e | I60: 0 | J60: one metabolite transport
A61: GALabc_0 | B61: 0 | C61: 300 | D61: atp[c] + gal[e] + h2o[c] <=> adp[c] + gal[c] + pi[c] | E61: atp[c] + h2o[c] <=> adp[c] + pi[c] | F61: gal{0}[e] <=> gal{0}[c] | G61: c|>|e | I61: 0 | J61: one metabolite transport | L61: GALabc | M61: D-galactose transport via ABC system
A62: GALCTNt2r_-1 | B62: -300 | C62: 300 | D62: galctn-D[e] <=> galctn-D[c] | F62: galctn-D{-1}[e] <=> galctn-D{-1}[c] | G62: c|>|e | I62: 0 | J62: one metabolite transport | L62: GALCTNt2r | M62: D-galactonate transport via proton symport, reversible
A63: GALCTNt2r_-1+1H | B63: -300 | C63: 300 | D63: galctn-D[e] <=> galctn-D[c] | F63: galctn-D{-1}[e] + h{1}[e] <=> galctn-D{-1}[c] + h{1}[c] | G63: c|>|e | H63: eq | I63: -1 | J63: one metabolite transport
A64: GALCTt2r_-2 | B64: -300 | C64: 300 | D64: galct-D[e] <=> galct-D[c] | F64: galct-D{-2}[e] <=> galct-D{-2}[c] | G64: c|>|e | I64: 0 | J64: charge balance one metabolite transport | L64: GALCTt2r | M64: D-galactarte transport via proton symport, reversible
A65: GALCTt2r_-2+2H | B65: -300 | C65: 300 | D65: galct-D[e] <=> galct-D[c] | F65: galct-D{-2}[e] + (2) h{1}[e] <=> galct-D{-2}[c] + (2) h{1}[c] | G65: c|>|e | H65: eq | I65: -1 | J65: one metabolite transport
A66: GALt2_0 | B66: 0 | C66: 300 | D66: gal[e] <=> gal[c] | F66: gal{0}[e] <=> gal{0}[c] | G66: c|>|e | H66: eq | I66: 0 | J66: charge balance one metabolite transport | L66: GALt2 | M66: D-galactose transport in via proton symport
A67: GALURt2r_-1 | B67: -300 | C67: 300 | D67: galur[e] <=> galur[c] | F67: galur{-1}[e] <=> galur{-1}[c] | G67: c|>|e | I67: -1 | J67: one metabolite transport | L67: GALURt2r | M67: D-galacturonate transport via proton symport, reversible
A68: GALURt2r_-1+1H | B68: -300 | C68: 300 | D68: galur[e] <=> galur[c] | F68: galur{-1}[e] + h{1}[e] <=> galur{-1}[c] + h{1}[c] | G68: c|>|e | H68: eq | I68: 0 | J68: charge balance one metabolite transport
A69: GAMpts_0 | B69: 0 | C69: 300 | D69: gam[e] + pep[c] <=> gam6p[c] + pyr[c] | E69: gam[c] + pep[c] <=> gam6p[c] + pyr[c] | F69: gam{0}[e] <=> gam{0}[c] | G69: c|>|e | I69: -2 | J69: one metabolite transport | L69: GAMpts | M69: D-glucosamine transport via PEP:Pyr PTS
A70: GAMpts_1 | B70: 0 | C70: 300 | D70: gam[e] + pep[c] <=> gam6p[c] + pyr[c] | E70: gam[c] + pep[c] <=> gam6p[c] + pyr[c] | F70: gam{1}[e] <=> gam{1}[c] | G70: c|>|e | I70: 0 | J70: charge balance one metabolite transport
A71: GLCDpp_0 | B71: -300 | C71: 300 | D71: glc-D[e] + h2o[e] + q8[c] <=> glcn[e] + q8h2[c] | E71: glc-D[e] + h2o[e] + q8[c] <=> glcn[e] + q8h2[c] | F71: (2) h{1}[e] + (2) electron{-1}[e] <=> (2) h{1}[c] + (2) electron{-1}[c] | G71: c|>|e | I71: 0 | J71: one metabolite transport
A72: GLCNt2r_-1 | B72: -300 | C72: 300 | D72: glcn[e] <=> glcn[c] | F72: glcn{-1}[e] <=> glcn{-1}[c] | G72: c|>|e | I72: 0 | J72: one metabolite transport | L72: GLCNt2r | M72: D-gluconate transport via proton symport, reversible
A73: GLCNt2r_-1+1H | B73: -300 | C73: 300 | D73: glcn[e] <=> glcn[c] | F73: glcn{-1}[e] + h{1}[e] <=> glcn{-1}[c] + h{1}[c] | G73: c|>|e | H73: eq | I73: 0 | J73: one metabolite transport
A74: GLCpts_0 | B74: 0 | C74: 300 | D74: glc-D[e] + pep[c] <=> g6p[c] + pyr[c] | E74: glc-D[c] + pep[c] <=> g6p[c] + pyr[c] | F74: glc-D{0}[e] <=> glc-D{0}[c] | G74: c|>|e | I74: 0 | J74: one metabolite transport | L74: GLCpts | M74: D-glucose transport via PEP:Pyr PTS
A75: GLCRt2r_-2 | B75: -300 | C75: 300 | D75: glcr[e] <=> glcr[c] | F75: glcr{-2}[e] <=> glcr{-2}[c] | G75: c|>|e | I75: 1 | J75: one metabolite transport | L75: GLCRt2r | M75: D-glucarate transport via proton symport, reversible
A76: GLCRt2r_-2+2H | B76: -300 | C76: 300 | D76: glcr[e] <=> glcr[c] | F76: glcr{-2}[e] + (2) h{1}[e] <=> glcr{-2}[c] + (2) h{1}[c] | G76: c|>|e | H76: eq | I76: 0 | J76: symport
A77: GLCt2_0 | B77: 0 | C77: 300 | D77: glc-D[e] <=> glc-D[c] | F77: glc-D{0}[e] <=> glc-D{0}[c] | G77: c|>|e | H77: eq | I77: 0 | J77: one metabolite transport | L77: GLCt2 | M77: D-glucose transport in via proton symport
A78: GLCURt2r_-1 | B78: -300 | C78: 300 | D78: glcur[e] <=> glcur[c] | F78: glcur{-1}[e] <=> glcur{-1}[c] | G78: c|>|e | I78: 0 | J78: one metabolite transport | L78: GLCURt2r | M78: D-glucuronate transport via proton symport, reversible
A79: GLCURt2r_-1+1H | B79: -300 | C79: 300 | D79: glcur[e] <=> glcur[c] | F79: glcur{-1}[e] + h{1}[e] <=> glcur{-1}[c] + h{1}[c] | G79: c|>|e | H79: eq | I79: -1 | J79: one metabolite transport
A80: GLUabc_-1 | B80: 0 | C80: 300 | D80: atp[c] + glu-L[e] + h2o[c] <=> adp[c] + glu-L[c] + pi[c] | E80: atp[c] + h2o[c] <=> adp[c] + pi[c] | F80: glu-L{-1}[e] <=> glu-L{-1}[c] | G80: c|>|e | I80: -1 | J80: one metabolite transport | L80: GLUabc | M80: L-glutamate transport via ABC system
A81: GLUABUTt7_0_-1 | B81: -300 | C81: 300 | D81: 4abut[c] + glu-L[e] <=> 4abut[e] + glu-L[c] | F81: 4abut{0}[c] + glu-L{-1}[e] <=> 4abut{0}[e] + glu-L{-1}[c] | G81: c|>|e | I81: 0 | J81: charge balance one metabolite transport | L81: GLUABUTt7 | M81: 4-aminobutyrate/glutamate antiport
A82: GLUABUTt7_-1+1H | B82: -300 | C82: 300 | D82: 4abut[c] + glu-L[e] <=> 4abut[e] + glu-L[c] | F82: 4abut{0}[c] + glu-L{-1}[e] + h{1}[e] <=> 4abut{0}[e] + glu-L{-1}[c] + h{1}[c] | G82: c|>|e | H82: eq | I82: 0 | J82: no transport detected
A83: GLUt2r_-1 | B83: -300 | C83: 300 | D83: glu-L[e] <=> glu-L[c] | F83: glu-L{-1}[e] <=> glu-L{-1}[c] | G83: c|>|e | I83: -1 | J83: one metabolite transport | L83: GLUt2r | M83: L-glutamate transport via proton symport, reversible
A84: GLUt2r_-1+1H | B84: -300 | C84: 300 | D84: glu-L[e] <=> glu-L[c] | F84: glu-L{-1}[e] + h{1}[e] <=> glu-L{-1}[c] + h{1}[c] | G84: c|>|e | H84: eq | I84: 0 | J84: charge balance one metabolite transport
A85: GLUt4_-1_1 | B85: 0 | C85: 300 | D85: glu-L[e] + na1[e] <=> glu-L[c] + na1[c] | F85: glu-L{-1}[e] + na1{1}[e] <=> glu-L{-1}[c] + na1{1}[c] | G85: c|>|e | H85: eq | I85: 0 | J85: charge balance two metabolite transport | L85: GLUt4 | M85: Na+/glutamate symport
A86: GLYBabc_0 | B86: 0 | C86: 300 | D86: atp[c] + glyb[e] + h2o[c] <=> adp[c] + glyb[c] + pi[c] | E86: atp[c] + h2o[c] <=> adp[c] + pi[c] | F86: glyb{0}[e] <=> glyb{0}[c] | G86: c|>|e | I86: -1 | J86: symport | L86: GLYBabc | M86: Glycine betaine transport via ABC system
A87: GLYBt2r_0 | B87: -300 | C87: 300 | D87: glyb[e] <=> glyb[c] | F87: glyb{0}[e] <=> glyb{0}[c] | G87: c|>|e | H87: eq | I87: 1 | J87: one metabolite transport | L87: GLYBt2r | M87: Glycine betaine transport via proton symport, reversible
A88: GLYC3Pabc_-2 | B88: 0 | C88: 300 | D88: atp[c] + glyc3p[e] + h2o[c] <=> adp[c] + glyc3p[c] + pi[c] | E88: atp[c] + h2o[c] <=> adp[c] + pi[c] | F88: glyc3p{-2}[e] <=> glyc3p{-2}[c] | G88: c|>|e | I88: 1 | J88: one metabolite transport | L88: GLYC3Pabc | M88: sn-Glycerol 3-phosphate transport via ABC system
A89: GLYC3Pt6_-2_-2 | B89: 0 | C89: 300 | D89: glyc3p[e] + pi[c] <=> glyc3p[c] + pi[e] | F89: glyc3p{-2}[e] + pi{-2}[c] <=> glyc3p{-2}[c] + pi{-2}[e] | G89: c|>|e | H89: eq | I89: 0 | J89: charge balance one metabolite transport | L89: GLYC3Pt6 | M89: Glycerol-3-phosphate : phosphate antiporter
A90: GLYCLTt2r_-1 | B90: -300 | C90: 300 | D90: glyclt[e] <=> glyclt[c] | F90: glyclt{-1}[e] <=> glyclt{-1}[c] | G90: c|>|e | I90: 0 | J90: charge balance two metabolite transport | L90: GLYCLTt2r | M90: glycolate transport via proton symport, reversible
A91: GLYCLTt2r_-1+1H | B91: -300 | C91: 300 | D91: glyclt[e] <=> glyclt[c] | F91: glyclt{-1}[e] + h{1}[e] <=> glyclt{-1}[c] + h{1}[c] | G91: c|>|e | H91: eq | I91: -1 | J91: symport
A92: GLYCt_0 | B92: -300 | C92: 300 | D92: glyc[c] <=> glyc[e] | F92: glyc{0}[c] <=> glyc{0}[e] | G92: c|>|e | H92: eq | I92: 0 | J92: one metabolite transport | L92: GLYCt | M92: glycerol transport via channel
A93: H2Otpp_0 | B93: -300 | C93: 300 | D93: h2o[e] <=> h2o[c] | F93: h2o{0}[e] <=> h2o{0}[c] | G93: c|>|e | H93: eq | I93: 0 | J93: one metabolite transport | L93: H2Ot | M93: H2O transport via diffusion
A94: HCINNMt2r_-1 | B94: -300 | C94: 300 | D94: 3hcinnm[e] <=> 3hcinnm[c] | F94: 3hcinnm{-1}[e] <=> 3hcinnm{-1}[c] | G94: c|>|e | I94: -1 | J94: one metabolite transport | L94: HCINNMt2r | M94: 3-hydroxycinnamic acid transport via proton symport, reversible
A95: HCINNMt2r_-1+1H | B95: -300 | C95: 300 | D95: 3hcinnm[e] <=> 3hcinnm[c] | F95: 3hcinnm{-1}[e] + h{1}[e] <=> 3hcinnm{-1}[c] + h{1}[c] | G95: c|>|e | H95: eq | I95: -1 | J95: one metabolite transport
A96: HDCAt2_-1 | B96: -300 | C96: 300 | D96: hdca[e] <=> hdca[c] | F96: hdca{-1}[e] <=> hdca{-1}[c] | G96: c|>|e | I96: 0 | J96: charge balance one metabolite transport | L96: HDCAt2 | M96: Hexadecanoate transport via proton symport
A97: HDCAt2_-1+1H | B97: -300 | C97: 300 | D97: hdca[e] <=> hdca[c] | F97: hdca{-1}[e] + h{1}[e] <=> hdca{-1}[c] + h{1}[c] | G97: c|>|e | H97: eq | I97: 2 | J97: no mapping
A98: HISabc_0 | B98: 0 | C98: 300 | D98: atp[c] + h2o[c] + his-L[e] <=> adp[c] + his-L[c] + pi[c] | E98: atp[c] + h2o[c] <=> adp[c] + pi[c] | F98: his-L{0}[e] <=> his-L{0}[c] | G98: c|>|e | I98: 4 | J98: one metabolite transport | L98: HISabc | M98: L-histidine transport via ABC system
A99: HISt2r_0 | B99: -300 | C99: 300 | D99: his-L[e] <=> his-L[c] | F99: his-L{0}[e] <=> his-L{0}[c] | G99: c|>|e | H99: eq | I99: -1 | J99: one metabolite transport | L99: HISt2r | M99: L-histidine reversible transport via proton symport
A100: HPPPNt2r_-1 | B100: -300 | C100: 300 | D100: 3hpppn[e] <=> 3hpppn[c] | F100: 3hpppn{-1}[e] <=> 3hpppn{-1}[c] | G100: c|>|e | I100: 0 | J100: charge balance one metabolite transport | L100: HPPPNt2r | M100: 3-(3-hydroxyphenyl)propionate transport via proton symport, reversible
...

Sheet Sheet3
A1: Abbreviation | B1: Lower Bound | C1: Upper Bound | D1: Stoichiometry | E1: Intracellular part | F1: Transmembrane part | G1: Transport map | I1: OfficialName | J1: reed Formula | K1: Subsystem | L1: EC Number | M1: ref
A2: 12PPDt | B2: -300 | C2: 300 | D2: 12ppd-S[e] <=> 12ppd-S[c] | F2: 12ppd-S{0}[e] <=> 12ppd-S{0}[c] | G2: c|>|e | I2: S-Propane-1,2-diol facilitated transport | J2: 12ppd-S[e] <=> 12ppd-S[c] | K2: Transport, Extracellular | M2: 125
A3: ABUTt2 | B3: -300 | C3: 300 | D3: 4abut[e] <=> 4abut[c] | F3: 4abut{0}[e] <=> 4abut{0}[c] | G3: c|>|e | I3: 4-aminobutyrate transport in via proton symport | J3: 4abut[e] + h[e] <=> 4abut[c] + h[c] | K3: Transport, Extracellular
A4: ACACt2 | B4: -300 | C4: 300 | D4: acac[e] <=> acac[c] | F4: acac{-1}[e] + h{1}[e] <=> acac{-1}[c] + h{1}[c] | G4: c|>|e | I4: acetoacetate transport via proton symport | J4: acac[e] + h[e] <=> acac[c] + h[c] | K4: Putative Transporters
A5: ACALDt | B5: -300 | C5: 300 | D5: acald[e] <=> acald[c] | F5: acald{0}[e] <=> acald{0}[c] | G5: c|>|e | I5: acetaldehyde reversible transport | J5: acald[e] <=> acald[c] | K5: Transport, Extracellular
A6: ACGApts | B6: -300 | C6: 300 | D6: acgam[e] + pep[c] <=> acgam6p[c] + pyr[c] | E6: acgam[c] + pep[c] <=> acgam6p[c] + pyr[c] | F6: acgam{0}[e] <=> acgam{0}[c] | G6: c|>|e | I6: N-Acetyl-D-glucosamine transport via PEP:Pyr PTS | J6: acgam[e] + pep[c] <=> acgam6p[c] + pyr[c] | K6: Transport, Extracellular | M6: 132
A7: ACMANApts | B7: -300 | C7: 300 | D7: acmana[e] + pep[c] <=> acmanap[c] + pyr[c] | E7: acmana[c] + pep[c] <=> acmanap[c] + pyr[c] | F7: acmana{0}[e] <=> acmana{0}[c] | G7: c|>|e | I7: N-acetyl-D-mannosamine transport via PTS | J7: acmana[e] + pep[c] <=> acmanap[c] + pyr[c] | K7: Transport, Extracellular | M7: 84
A8: ACNAMt2 | B8: -300 | C8: 300 | D8: acnam[e] <=> acnam[c] | F8: acnam{-1}[e] + h{1}[e] <=> acnam{-1}[c] + h{1}[c] | G8: c|>|e | I8: N-acetylneuraminate proton symport | J8: acnam[e] + h[e] <=> acnam[c] + h[c] | K8: Transport, Extracellular
A9: ACt2r | B9: -300 | C9: 300 | D9: ac[e] <=> ac[c] | F9: ac{-1}[e] + h{1}[e] <=> ac{-1}[c] + h{1}[c] | G9: c|>|e | I9: acetate reversible transport via proton symport | J9: ac[e] + h[e] <=> ac[c] + h[c] | K9: Transport, Extracellular
A10: ADEt2r | B10: -300 | C10: 300 | D10: ade[e] <=> ade[c] | F10: ade{0}[e] <=> ade{0}[c] | G10: c|>|e | I10: adenine transport via proton symport (reversible) | J10: ade[e] + h[e] <=> ade[c] + h[c] | K10: Transport, Extracellular
A11: ADNt2 | B11: -300 | C11: 300 | D11: adn[e] <=> adn[c] | F11: adn{0}[e] <=> adn{0}[c] | G11: c|>|e | I11: adenosine transport in via proton symport | J11: adn[e] + h[e] <=> adn[c] + h[c] | K11: Transport, Extracellular
A12: AKGt2r | B12: -300 | C12: 300 | D12: akg[e] <=> akg[c] | F12: akg{-2}[e] + (2) h{1}[e] <=> akg{-2}[c] + (2) h{1}[c] | G12: c|>|e | I12: 2-oxoglutarate reversible transport via symport | J12: akg[e] + h[e] <=> akg[c] + h[c] | K12: Transport, Extracellular
A13: ALAabc | B13: -300 | C13: 300 | D13: ala-L[e] + (2) atp[c] + h2o[c] <=> (2) adp[c] + ala-L[c] + (2) pi[c] | E13: (2) atp[c] + (2) h2o[c] <=> (2) adp[c] + (2) pi[c] | F13: ala-L{0}[e] <=> ala-L{0}[c] | G13: c|>|e | I13: L-alanine transport via ABC system | J13: ala-L[e] + atp[c] + h2o[c] <=> adp[c] + ala-L[c] + h[c] + pi[c] | K13: Transport, Extracellular | M13: 93
A14: ALARi | B14: -300 | C14: 300 | D14: ala-L[e] <=> ala-L[c] | F14: ala-L{0}[e] <=> ala-L{0}[c] | G14: c|>|e | I14: alanine racemase (irreversible) | J14: ala-L[c] <=> ala-D[c] | K14: Alanine and aspartate metabolism | L14: EC-5.1.1.1
A15: ALAt2r | B15: -300 | C15: 300 | G15: c|>|e | I15: L-alanine reversible transport via proton symport | J15: ala-L[e] + h[e] <=> ala-L[c] + h[c] | K15: Putative Transporters | M15: 93
A16: ALLTNt2r | B16: -300 | C16: 300 | D16: alltn[e] <=> alltn[c] | F16: alltn{0}[e] <=> alltn{0}[c] | G16: c|>|e | I16: allantoin transport in via proton symport | J16: alltn[e] + h[e] <=> alltn[c] + h[c] | K16: Putative Transporters
A17: ARBabc | B17: -300 | C17: 300 | D17: arab-L[e] + (2) atp[c] + (2) h2o[c] <=> (2) adp[c] + arab-L[c] + (2) pi[c] | E17: (2) atp[c] + (2) h2o[c] <=> (2) adp[c] + (2) pi[c] | F17: arab-L{0}[e] <=> arab-L{0}[c] | G17: c|>|e | I17: L-arabinose transport via ABC system | J17: arab-L[e] + atp[c] + h2o[c] <=> adp[c] + arab-L[c] + h[c] + pi[c] | K17: Transport, Extracellular
A18: ARBt2r | B18: -300 | C18: 300 | D18: arab-L[e] <=> arab-L[c] | F18: arab-L{0}[e] <=> arab-L{0}[c] | G18: c|>|e | I18: L-arabinose transport via proton symport | J18: arab-L[e] + h[e] <=> arab-L[c] + h[c] | K18: Transport, Extracellular
A19: ARGabc | B19: -300 | C19: 300 | D19: arg-L[e] + (2) atp[c] + (2) h2o[c] <=> (2) adp[c] + arg-L[c] + (2) pi[c] | E19: (2) atp[c] + (2) h2o[c] <=> (2) adp[c] + (2) pi[c] | F19: arg-L{1}[e] <=> arg-L{1}[c] | G19: c|>|e | I19: L-arginine transport via ABC system | J19: arg-L[e] + atp[c] + h2o[c] <=> adp[c] + arg-L[c] + h[c] + pi[c] | K19: Transport, Extracellular
A20: ARGORNt7 | B20: -300 | C20: 300 | D20: arg-L[e] + orn[c] <=> arg-L[c] + orn[e] | F20: arg-L{1}[e] + orn{1}[c] <=> arg-L{1}[c] + orn{1}[e] | G20: c|>|e | I20: arginine/ornithine antiporter | J20: arg-L[e] + orn[c] <=> arg-L[c] + orn[e] | K20: Putative Transporters
A21: ASNabc | B21: -300 | C21: 300 | D21: asn-L[e] + (2) atp[c] + (2) h2o[c] <=> (2) adp[c] + asn-L[c] + (2) pi[c] | E21: (2) atp[c] + (2) h2o[c] <=> (2) adp[c] + (2) pi[c] | F21: asn-L{0}[e] <=> asn-L{0}[c] | G21: c|>|e | I21: L-asparagine transport via ABC system | J21: asn-L[e] + atp[c] + h2o[c] <=> adp[c] + asn-L[c] + h[c] + pi[c] | K21: Transport, Extracellular
A22: ASNt2r | B22: -300 | C22: 300 | D22: asn-L[e] <=> asn-L[c] | F22: asn-L{0}[e] <=> asn-L{0}[c] | G22: c|>|e | I22: L-asparagine reversible transport via proton symport | J22: asn-L[e] + h[e] <=> asn-L[c] + h[c] | K22: Transport, Extracellular
A23: ASPabc | B23: -300 | C23: 300 | D23: asp-L[e] + (2) atp[c] + (2) h2o[c] <=> (2) adp[c] + asp-L[c] + (2) pi[c] | E23: (2) atp[c] + (2) h2o[c] <=> (2) adp[c] + (2) pi[c] | F23: asp-L{-1}[e] <=> asp-L{-1}[c] | G23: c|>|e | I23: L-aspartate transport via ABC system | J23: asp-L[e] + atp[c] + h2o[c] <=> adp[c] + asp-L[c] + h[c] + pi[c] | K23: Transport, Extracellular
A24: ASPt2 | B24: -300 | C24: 300 | D24: asp-L[e] <=> asp-L[c] | F24: asp-L{-1}[e] + h{1}[e] <=> asp-L{-1}[c] + h{1}[c] | G24: c|>|e | I24: L-aspartate transport in via proton symport | J24: asp-L[e] + h[e] <=> asp-L[c] + h[c] | K24: Transport, Extracellular
A25: ASPt22 | B25: -300 | C25: 300 | G25: c|>|e | I25: Aspartate transport via proton symport (2 H) | J25: asp-L[e] + (2) h[e] <=> asp-L[c] + (2) h[c] | K25: Transport, Extracellular | M25: 53
A26: ASPt23 | B26: -300 | C26: 300 | G26: c|>|e | I26: L-asparate transport via proton symport (3 H) | J26: asp-L[e] + (3) h[e] <=> asp-L[c] + (3) h[c] | K26: Transport, Extracellular | M26: 53
A27: ATPS4r | B27: -300 | C27: 300 | D27: adp[c] + pi[c] <=> atp[c] + h2o[c] | E27: adp[c] + pi[c] <=> atp[c] + h2o[c] | F27: (4) h{1}[e] <=> (4) h{1}[c] | G27: c|>|e | I27: ATP synthase (four protons for one ATP) | J27: adp[c] + (4) h[e] + pi[c] <=> atp[c] + (3) h[c] + h2o[c] | K27: Oxidative phosphorylation | L27: EC-3.6.3.14
A28: BUTt2r | B28: -300 | C28: 300 | D28: but[e] <=> but[c] | F28: but{-1}[e] + h{1}[e] <=> but{-1}[c] + h{1}[c] | G28: c|>|e | I28: Butyrate transport via proton symport, reversible | J28: but[e] + h[e] <=> but[c] + h[c] | K28: Putative Transporters
A29: CADVt | B29: -300 | C29: 300 | D29: 15dap[c] + lys-L[e] <=> 15dap[e] + lys-L[c] | F29: 15dap{2}[c] + h{1}[e] + lys-L{1}[e] <=> 15dap{2}[e] + h{1}[c] + lys-L{1}[c] | G29: c|>|e | I29: Lysine/Cadaverine antiporter | J29: 15dap[c] + h[e] + lys-L[e] <=> 15dap[e] + h[c] + lys-L[c] | K29: Transport, Extracellular
A30: CBL1abc | B30: -300 | C30: 300 | D30: (2) atp[c] + cbl1[e] + (2) h2o[c] <=> (2) adp[c] + cbl1[c] + (2) pi[c] | E30: (2) atp[c] + (2) h2o[c] <=> (2) adp[c] + (2) pi[c] | F30: cbl1{-1}[e] <=> cbl1{-1}[c] | G30: c|>|e | I30: Cob(1)alamin transport via ABC system | J30: atp[c] + cbl1[e] + h2o[c] <=> adp[c] + cbl1[c] + h[c] + pi[c] | K30: Transport, Extracellular | M30: 13141
A31: CHLabc | B31: -300 | C31: 300 | D31: (2) atp[c] + chol[e] + (2) h2o[c] <=> (2) adp[c] + chol[c] + (2) pi[c] | E31: (2) atp[c] + (2) h2o[c] <=> (2) adp[c] + (2) pi[c] | F31: chol{1}[e] <=> chol{1}[c] | G31: c|>|e | I31: choline transport via ABC system | J31: atp[c] + chol[e] + h2o[c] <=> adp[c] + chol[c] + h[c] + pi[c] | K31: Putative Transporters
A32: CHLt2r | B32: -300 | C32: 300 | D32: chol[e] <=> chol[c] | F32: chol{1}[e] + h{1}[c] <=> chol{1}[c] + h{1}[e] | G32: c|>|e | I32: choline transport via proton symport, reversible | J32: chol[e] + h[e] <=> chol[c] + h[c] | K32: Transport, Extracellular | M32: 64
A33: CITt7 | B33: -300 | C33: 300 | D33: cit[e] + succ[c] <=> cit[c] + succ[e] | F33: cit{-3}[e] + h{1}[e] + succ{-2}[c] <=> cit{-3}[c] + h{1}[c] + succ{-2}[e] | G33: c|>|e | I33: Citrate transport via succinate antiport | J33: cit[e] + succ[c] <=> cit[c] + succ[e] | K33: Transport, Extracellular | M33: 87
A34: CO2t | B34: -300 | C34: 300 | D34: co2tot[e] <=> co2tot[c] | F34: co2tot{0}[e] <=> co2tot{0}[c] | G34: c|>|e | I34: CO2 transporter via diffusion | J34: co2tot[e] <=> co2tot[c] | K34: Transport, Extracellular
A35: CRNt7 | B35: -300 | C35: 300 | D35: crn[e] + gbbtn[c] <=> crn[c] + gbbtn[e] | F35: crn{0}[e] + gbbtn{0}[c] <=> crn{0}[c] + gbbtn{0}[e] | G35: c|>|e | I35: Carnitine/butyrobetaine antiporter | J35: crn[e] + gbbtn[c] <=> crn[c] + gbbtn[e] | K35: Transport, Extracellular | M35: 54
A36: CSNt2 | B36: -300 | C36: 300 | D36: csn[e] <=> csn[c] | F36: csn{0}[e] <=> csn{0}[c] | G36: c|>|e | I36: cytosine transport in via proton symport | J36: csn[e] + h[e] <=> csn[c] + h[c] | K36: Transport, Extracellular
A37: CSNt2_add | B37: -300 | C37: 300 | D37: csn[e] <=> csn[c] | F37: csn{-1}[e] + h{1}[e] <=> csn{-1}[c] + h{1}[c] | G37: c|>|e
A38: CYNTt2 | B38: -300 | C38: 300 | D38: cynt[e] <=> cynt[c] | F38: cynt{-1}[e] + h{1}[e] <=> cynt{-1}[c] + h{1}[c] | G38: c|>|e | I38: Cyanate transport via proton symport | J38: cynt[e] + h[e] <=> cynt[c] + h[c] | K38: Putative Transporters | M38: 105142
A39: CYSabc | B39: -300 | C39: 300 | D39: (2) atp[c] + cys-L[e] + (2) h2o[c] <=> (2) adp[c] + cys-L[c] + (2) pi[c] | E39: (2) atp[c] + (2) h2o[c] <=> (2) adp[c] + (2) pi[c] | F39: cys-L{0}[e] <=> cys-L{0}[c] | G39: c|>|e | I39: L-cysteine transport via ABC system | J39: atp[c] + cys-L[e] + h2o[c] <=> adp[c] + cys-L[c] + h[c] + pi[c] | K39: Transport, Extracellular
A40: CYTBD | B40: -300 | C40: 300 | D40: (0.5) o2[c] + q8h2[c] <=> h2o[c] + q8[c] | E40: (0.5) o2[c] + q8h2[c] <=> h2o[c] + q8[c] | F40: (2) h{1}[c] <=> (2) h{1}[e] | G40: c|>|e | I40: cytochrome oxidase bd (ubiquinol-8: 2 protons) | J40: (2) h[c] + (0.5) o2[c] + q8h2[c] <=> (2) h[e] + h2o[c] + q8[c] | K40: Oxidative phosphorylation
A41: CYTBO3 | B41: -300 | C41: 300 | D41: (0.5) o2[c] + q8h2[c] <=> h2o[c] + q8[c] | E41: (0.5) o2[c] + q8h2[c] <=> h2o[c] + q8[c] | F41: (4) h{1}[c] <=> (4) h{1}[e] | G41: c|>|e | I41: cytochrome oxidase bo3 (ubiquinol-8: 2.5 protons) | J41: (2.5) h[c] + (0.5) o2[c] + q8h2[c] <=> (2.5) h[e] + h2o[c] + q8[c] | K41: Oxidative phosphorylation
A42: CYTDt2 | B42: -300 | C42: 300 | D42: cytd[e] <=> cytd[c] | F42: cytd{0}[e] <=> cytd{0}[c] | G42: c|>|e | I42: cytidine transport in via proton symport | J42: cytd[e] + h[e] <=> cytd[c] + h[c] | K42: Transport, Extracellular | M42: 75
A43: DADNt2 | B43: -300 | C43: 300 | D43: dad-2[e] <=> dad-2[c] | F43: dad-2{0}[e] <=> dad-2{0}[c] | G43: c|>|e | I43: deoxyadenosine transport in via proton symport | J43: dad-2[e] + h[e] <=> dad-2[c] + h[c] | K43: Transport, Extracellular
A44: DALAt2r | B44: -300 | C44: 300 | D44: ala-D[e] <=> ala-D[c] | F44: ala-D{0}[e] <=> ala-D{0}[c] | G44: c|>|e | I44: D-alanine transport via proton symport | J44: ala-D[e] + h[e] <=> ala-D[c] + h[c] | K44: Transport, Extracellular
A45: DAPabc | B45: -300 | C45: 300 | D45: 26dap-M[e] + (2) atp[c] + (2) h2o[c] <=> 26dap-M[c] + (2) adp[c] + (2) pi[c] | E45: (2) atp[c] + (2) h2o[c] <=> (2) adp[c] + (2) pi[c] | F45: 26dap-M{0}[e] <=> 26dap-M{0}[c] | G45: c|>|e | I45: M-diaminopimelic acid ABC transport | J45: 26dap-M[e] + atp[c] + h2o[c] <=> 26dap-M[c] + adp[c] + h[c] + pi[c] | K45: Transport, Extracellular
A46: DCYTt2 | B46: -300 | C46: 300 | D46: dcyt[e] <=> dcyt[c] | F46: dcyt{0}[e] <=> dcyt{0}[c] | G46: c|>|e | I46: deoxycytidine transport in via proton symport | J46: dcyt[e] + h[e] <=> dcyt[c] + h[c] | K46: Transport, Extracellular
A47: DDGLCNt2r | B47: -300 | C47: 300 | D47: 2ddglcn[e] <=> 2ddglcn[c] | F47: 2ddglcn{-1}[e] + h{1}[e] <=> 2ddglcn{-1}[c] + h{1}[c] | G47: c|>|e | I47: 2-dehydro-3-deoxy-D-gluconate transport via proton symport, reversible | J47: 2ddglcn[e] + h[e] <=> 2ddglcn[c] + h[c] | K47: Transport, Extracellular | M47: 132
A48: DGSNt2 | B48: -300 | C48: 300 | D48: dgsn[e] <=> dgsn[c] | F48: dgsn{0}[e] <=> dgsn{0}[c] | G48: c|>|e | I48: deoxyguanosine transport in via proton symport | J48: dgsn[e] + h[e] <=> dgsn[c] + h[c] | K48: Transport, Extracellular
A49: DHAt | B49: -300 | C49: 300 | D49: dha[e] <=> dha[c] | F49: dha{0}[e] <=> dha{0}[c] | G49: c|>|e | I49: Dihydroxyacetone transport via facilitated diffusion | J49: dha[e] <=> dha[c] | K49: Transport, Extracellular
A50: DINSt2 | B50: -300 | C50: 300 | D50: din[e] <=> din[c] | F50: din{0}[e] <=> din{0}[c] | G50: c|>|e | I50: deoxyinosine transport in via proton symport | J50: din[e] + h[e] <=> din[c] + h[c] | K50: Transport, Extracellular
A51: D-LACt2 | B51: -300 | C51: 300 | D51: lac-D[e] <=> lac-D[c] | F51: h{1}[e] + lac-D{-1}[e] <=> h{1}[c] + lac-D{-1}[c] | G51: c|>|e | I51: D-lactate transport via proton symport | J51: h[e] + lac-D[e] <=> h[c] + lac-D[c] | K51: Transport, Extracellular | M51: 76
A52: DMSOR1e | B52: -300 | C52: 300 | D52: dmso[e] + mql8[c] <=> dms[e] + h2o[e] + mqn8[c] | E52: dmso[e] + mql8[c] <=> dms[e] + h2o[e] + mqn8[c] | F52: (2) h{1}[c] + (2) electron{-1}[c] <=> (2) h{1}[e] + (2) electron{-1}[e] | G52: c|>|e | I52: Dimethyl sulfoxide reductase (Menaquinol 8) | J52: dmso[e] + mql8[c] <=> dms[e] + h2o[e] + mqn8[c] | K52: Oxidative phosphorylation | M52: 39
A53: DMSOR2e | B53: -300 | C53: 300 | D53: 2dmmql8[c] + dmso[e] <=> 2dmmq8[c] + dms[e] + h2o[e] | E53: 2dmmql8[c] + dmso[e] <=> 2dmmq8[c] + dms[e] + h2o[e] | F53: (2) h{1}[c] + (2) electron{-1}[c] <=> (2) h{1}[e] + (2) electron{-1}[e] | G53: c|>|e | I53: Dimethyl sulfoxide reductase (Demethylmenaquinol 8) | J53: 2dmmql8[c] + dmso[e] <=> 2dmmq8[c] + dms[e] + h2o[e] | K53: Oxidative phosphorylation | M53: 39
A54: DSERt2r | B54: -300 | C54: 300 | D54: ser-D[e] <=> ser-D[c] | F54: ser-D{0}[e] <=> ser-D{0}[c] | G54: c|>|e | I54: D-serine transport via proton symport | J54: h[e] + ser-D[e] <=> h[c] + ser-D[c] | K54: Transport, Extracellular
A55: DURIt2 | B55: -300 | C55: 300 | D55: duri[e] <=> duri[c] | F55: duri{-1}[e] + h{1}[e] <=> duri{-1}[c] + h{1}[c] | G55: c|>|e | I55: deoxyuridine transport in via proton symport | J55: duri[e] + h[e] <=> duri[c] + h[c] | K55: Transport, Extracellular
A56: DURIt2_add | B56: -300 | C56: 300 | D56: duri[e] <=> duri[c] | F56: duri{0}[e] <=> duri{0}[c] | G56: c|>|e
A57: ETOHt2r | B57: -300 | C57: 300 | D57: etoh[e] <=> etoh[c] | F57: etoh{0}[e] <=> etoh{0}[c] | G57: c|>|e | I57: ethanol reversible transport via proton symport | J57: etoh[e] + h[e] <=> etoh[c] + h[c] | K57: Transport, Extracellular
A58: FDH2 | B58: -300 | C58: 300 | D58: q8[c] + for[e] <=> q8h2[c] + co2tot[e] | E58: for[e] + q8[c] <=> co2tot[e] + q8h2[c] | F58: (2) electron{-1}[e] <=> (2) electron{-1}[c] | G58: c|>|e | I58: formate dehydrogenase (quinone-8: 2 protons) | J58: for[c] + (3) h[c] + q8[c] <=> co2tot[c] + (2) h[e] + q8h2[c] | K58: Oxidative phosphorylation | L58: EC-1.2.2.1
A59: FDH3 | B59: -300 | C59: 300 | D59: mqn8[c] + for[e] <=> mql8[c] + co2tot[e] | E59: for[e] + mqn8[c] <=> co2tot[e] + mql8[c] | F59: (2) electron{-1}[e] <=> (2) electron{-1}[c] | G59: c|>|e | I59: Formate Dehydrogenase (menaquinone-8: 2 protons) | J59: for[c] + (3) h[c] + mqn8[c] <=> co2tot[c] + (2) h[e] + mql8[c] | K59: Oxidative phosphorylation | L59: EC-1.2.2.1
A60: FE2abc | B60: -300 | C60: 300 | D60: (2) atp[c] + fe2[e] + (2) h2o[c] <=> (2) adp[c] + fe2[c] + (2) pi[c] | E60: (2) atp[c] + (2) h2o[c] <=> (2) adp[c] + (2) pi[c] | F60: fe2{2}[e] <=> fe2{2}[c] | G60: c|>|e | I60: iron (II) transport via ABC system | J60: atp[c] + fe2[e] + h2o[c] <=> adp[c] + fe2[c] + h[c] + pi[c] | K60: Transport, Extracellular | M60: 56
A61: FORt | B61: -300 | C61: 300 | D61: for[e] <=> for[c] | F61: for{-1}[e] + h{1}[e] <=> for{-1}[c] + h{1}[c] | G61: c|>|e | I61: formate transport via diffusion | J61: for[e] <=> for[c] | K61: Transport, Extracellular
A62: FRUpts | B62: -300 | C62: 300 | D62: fru[e] + pep[c] <=> f1p[c] + pyr[c] | E62: fru[c] + pep[c] <=> f1p[c] + pyr[c] | F62: fru{0}[e] <=> fru{0}[c] | G62: c|>|e | I62: D-fructose transport via PEP:Pyr PTS | J62: fru[e] + pep[c] <=> f1p[c] + pyr[c] | K62: Transport, Extracellular
A63: FRUpts2 | B63: -300 | C63: 300 | D63: fru[e] + pep[c] <=> f6p[c] + pyr[c] | E63: fru[c] + pep[c] <=> f6p[c] + pyr[c] | F63: fru{0}[e] <=> fru{0}[c] | G63: c|>|e | I63: Fructose transport via PEP:Pyr PTS (f6p generating) | J63: fru[e] + pep[c] <=> f6p[c] + pyr[c] | K63: Transport, Extracellular | M63: 132
A64: FUCPt62 | B64: -300 | C64: 300 | D64: fuc1p-L[e] + pi[c] <=> fuc1p-L[c] + pi[e] | F64: fuc1p-L{-2}[e] + pi{-2}[c] <=> fuc1p-L{-2}[c] + pi{-2}[e] | G64: c|>|e | I64: Fucose 1-phosphate transport via phosphate antiport | J64: fuc1p-L[e] + (2) pi[c] <=> fuc1p-L[c] + (2) pi[e] | K64: Transport, Extracellular | M64: 135
A65: FUCt | B65: -300 | C65: 300 | D65: fuc-L[e] <=> fuc-L[c] | F65: fuc-L{0}[e] <=> fuc-L{0}[c] | G65: c|>|e | I65: L-fucose transport via proton symport | J65: fuc-L[e] + h[e] <=> fuc-L[c] + h[c] | K65: Transport, Extracellular
A66: FUMt22 | B66: -300 | C66: 300 | D66: fum[e] <=> fum[c] | F66: fum{-2}[e] + (2) h{1}[e] <=> fum{-2}[c] + (2) h{1}[c] | G66: c|>|e | I66: Fumarate transport via proton symport (2 H) | J66: fum[e] + (2) h[e] <=> fum[c] + (2) h[c] | K66: Transport, Extracellular | M66: 53
A67: FUMt23 | B67: -300 | C67: 300 | G67: c|>|e | I67: Fumarate transport via proton symport (3 H) | J67: fum[e] + (3) h[e] <=> fum[c] + (3) h[c] | K67: Transport, Extracellular | M67: 53,126
A68: G6Pt62 | B68: -300 | C68: 300 | D68: g6p[e] + pi[c] <=> g6p[c] + pi[e] | F68: g6p{-2}[e] + pi{-2}[c] <=> g6p{-2}[c] + pi{-2}[e] | G68: c|>|e | I68: Glucose-6-phosphate transport via phosphate antiport | J68: g6p[e] + (2) pi[c] <=> g6p[c] + (2) pi[e] | K68: Transport, Extracellular | M68: 135
A69: GALabc | B69: -300 | C69: 300 | D69: (2) atp[c] + gal[e] + (2) h2o[c] <=> (2) adp[c] + gal[c] + (2) pi[c] | E69: (2) atp[c] + (2) h2o[c] <=> (2) adp[c] + (2) pi[c] | F69: gal{0}[e] <=> gal{0}[c] | G69: c|>|e | I69: D-galactose transport via ABC system | J69: atp[c] + gal[e] + h2o[c] <=> adp[c] + gal[c] + h[c] + pi[c] | K69: Transport, Extracellular
A70: GALCTNt2r | B70: -300 | C70: 300 | D70: galctn-D[e] <=> galctn-D[c] | F70: galctn-D{-1}[e] + h{1}[e] <=> galctn-D{-1}[c] + h{1}[c] | G70: c|>|e | I70: D-galactonate transport via proton symport, reversible | J70: galctn-D[e] + h[e] <=> galctn-D[c] + h[c] | K70: Transport, Extracellular | M70: 132142
A71: GALCTt2r | B71: -300 | C71: 300 | D71: galct-D[e] <=> galct-D[c] | F71: galct-D{-2}[e] + (2) h{1}[e] <=> galct-D{-2}[c] + (2) h{1}[c] | G71: c|>|e | I71: D-galactarte transport via proton symport, reversible | J71: galct-D[e] + h[e] <=> galct-D[c] + h[c] | K71: c|>|e
A72: GALt2 | B72: -300 | C72: 300 | D72: gal[e] <=> gal[c] | F72: gal{0}[e] <=> gal{0}[c] | G72: c|>|e | I72: D-galactose transport in via proton symport | J72: gal[e] + h[e] <=> gal[c] + h[c] | K72: Transport, Extracellular
A73: GALTpts | B73: -300 | C73: 300 | D73: galt[e] + pep[c] <=> galt1p[c] + pyr[c] | E73: galt[c] + pep[c] <=> galt1p[c] + pyr[c] | F73: galt{0}[e] <=> galt{0}[c] | G73: c|>|e | I73: Galactitol transport via PEP:Pyr PTS | J73: galt[e] + pep[c] <=> galt1p[c] + pyr[c] | K73: Transport, Extracellular
A74: GALUi | B74: -300 | C74: 300 | G74: c|>|e | I74: UTP-glucose-1-phosphate uridylyltransferase (irreversible) | J74: g1p[c] + h[c] + utp[c] <=> ppi[c] + udpg[c] | K74: Cell Envelope Biosynthesis | L74: EC-2.7.7.9
A75: GALURt2r | B75: -300 | C75: 300 | D75: galur[e] <=> galur[c] | F75: galur{-1}[e] + h{1}[e] <=> galur{-1}[c] + h{1}[c] | G75: c|>|e | I75: D-galacturonate transport via proton symport, reversible | J75: galur[e] + h[e] <=> galur[c] + h[c] | K75: Transport, Extracellular | M75: 132
A76: GAMpts | B76: -300 | C76: 300 | D76: gam[e] + pep[c] <=> gam6p[c] + pyr[c] | E76: gam[c] + pep[c] <=> gam6p[c] + pyr[c] | F76: gam{0}[e] <=> gam{0}[c] | G76: c|>|e | I76: D-glucosamine transport via PEP:Pyr PTS | J76: gam[e] + pep[c] <=> gam6p[c] + pyr[c] | K76: Transport, Extracellular | M76: 132
A77: GAMpts_add | B77: -300 | C77: 300 | D77: gam[e] + pep[c] <=> gam6p[c] + pyr[c] | E77: gam[c] + pep[c] <=> gam6p[c] + pyr[c] | F77: gam{1}[e] <=> gam{1}[c] | G77: c|>|e
A78: GLCDe | B78: -300 | C78: 300 | D78: glc-D[e] + h2o[e] + q8[c] <=> glcn[e] + q8h2[c] | E78: glc-D[e] + h2o[e] + q8[c] <=> glcn[e] + q8h2[c] | F78: (2) h{1}[e] + (2) electron{-1}[e] <=> (2) h{1}[c] + (2) electron{-1}[c] | G78: c|>|e | I78: Glucose dehydrogenase (ubiquinone-8 as acceptor) | J78: glc-D[e] + h2o[e] + q8[c] <=> glcn[e] + h[e] + q8h2[c] | K78: Oxidative phosphorylation | M78: 140
A79: GLCNt2r | B79: -300 | C79: 300 | D79: glcn[e] <=> glcn[c] | F79: glcn{-1}[e] + h{1}[e] <=> glcn{-1}[c] + h{1}[c] | G79: c|>|e | I79: D-gluconate transport via proton symport, reversible | J79: glcn[e] + h[e] <=> glcn[c] + h[c] | K79: Transport, Extracellular | M79: 5
A80: GLCpts | B80: -300 | C80: 300 | D80: glc-D[e] + pep[c] <=> g6p[c] + pyr[c] | E80: glc-D[c] + pep[c] <=> g6p[c] + pyr[c] | F80: glc-D{0}[e] <=> glc-D{0}[c] | G80: c|>|e | I80: D-glucose transport via PEP:Pyr PTS | J80: glc-D[e] + pep[c] <=> g6p[c] + pyr[c] | K80: Transport, Extracellular | M80: 132139
A81: GLCRt2r | B81: -300 | C81: 300 | D81: glcr[e] <=> glcr[c] | F81: glcr{-2}[e] + (2) h{1}[e] <=> glcr{-2}[c] + (2) h{1}[c] | G81: c|>|e | I81: D-glucarate transport via proton symport, reversible | J81: glcr[e] + h[e] <=> glcr[c] + h[c] | K81: Putative Transporters
A82: GLCt2 | B82: -300 | C82: 300 | D82: glc-D[e] <=> glc-D[c] | F82: glc-D{0}[e] <=> glc-D{0}[c] | G82: c|>|e | I82: D-glucose transport in via proton symport | J82: glc-D[e] + h[e] <=> glc-D[c] + h[c] | K82: Transport, Extracellular
A83: GLCURt2r | B83: -300 | C83: 300 | D83: glcur[e] <=> glcur[c] | F83: glcur{-1}[e] + h{1}[e] <=> glcur{-1}[c] + h{1}[c] | G83: c|>|e | I83: D-glucuronate transport via proton symport, reversible | J83: glcur[e] + h[e] <=> glcur[c] + h[c] | K83: Transport, Extracellular | M83: 132
A84: GLNabc | B84: -300 | C84: 300 | D84: (2) atp[c] + gln-L[e] + (2) h2o[c] <=> (2) adp[c] + gln-L[c] + (2) pi[c] | E84: (2) atp[c] + (2) h2o[c] <=> (2) adp[c] + (2) pi[c] | F84: gln-L{0}[e] <=> gln-L{0}[c] | G84: c|>|e | I84: L-glutamine transport via ABC system | J84: atp[c] + gln-L[e] + h2o[c] <=> adp[c] + gln-L[c] + h[c] + pi[c] | K84: Transport, Extracellular
A85: GLUabc | B85: -300 | C85: 300 | D85: (2) atp[c] + glu-L[e] + (2) h2o[c] <=> (2) adp[c] + glu-L[c] + (2) pi[c] | E85: (2) atp[c] + (2) h2o[c] <=> (2) adp[c] + (2) pi[c] | F85: glu-L{-1}[e] <=> glu-L{-1}[c] | G85: c|>|e | I85: L-glutamate transport via ABC system | J85: atp[c] + glu-L[e] + h2o[c] <=> adp[c] + glu-L[c] + h[c] + pi[c] | K85: Transport, Extracellular
A86: GLUABUTt7 | B86: -300 | C86: 300 | D86: 4abut[c] + glu-L[e] <=> 4abut[e] + glu-L[c] | F86: 4abut{0}[c] + glu-L{-1}[e] + h{1}[e] <=> 4abut{0}[e] + glu-L{-1}[c] + h{1}[c] | G86: c|>|e | I86: 4-aminobutyrate/glutamate antiport | J86: 4abut[c] + glu-L[e] <=> 4abut[e] + glu-L[c] | K86: Putative Transporters
A87: GLUt2r | B87: -300 | C87: 300 | D87: glu-L[e] <=> glu-L[c] | F87: glu-L{-1}[e] + h{1}[e] <=> glu-L{-1}[c] + h{1}[c] | G87: c|>|e | I87: L-glutamate transport via proton symport, reversible | J87: glu-L[e] + h[e] <=> glu-L[c] + h[c] | K87: Transport, Extracellular
A88: GLUt4 | B88: -300 | C88: 300 | D88: glu-L[e] + na1[e] <=> glu-L[c] + na1[c] | F88: glu-L{-1}[e] + na1{1}[e] <=> glu-L{-1}[c] + na1{1}[c] | G88: c|>|e | I88: Na+/glutamate symport | J88: glu-L[e] + na1[e] <=> glu-L[c] + na1[c] | K88: Transport, Extracellular
A89: GLYALDt | B89: -300 | C89: 300 | D89: glyald[e] <=> glyald[c] | F89: glyald{0}[e] <=> glyald{0}[c] | G89: c|>|e | I89: Glyceraldehyde facilitated diffusion | J89: glyald[e] <=> glyald[c] | K89: Transport, Extracellular | M89: 46
A90: GLYBabc | B90: -300 | C90: 300 | D90: (2) atp[c] + glyb[e] + (2) h2o[c] <=> (2) adp[c] + glyb[c] + (2) pi[c] | E90: (2) atp[c] + (2) h2o[c] <=> (2) adp[c] + (2) pi[c] | F90: glyb{0}[e] <=> glyb{0}[c] | G90: c|>|e | I90: Glycine betaine transport via ABC system | J90: atp[c] + glyb[e] + h2o[c] <=> adp[c] + glyb[c] + h[c] + pi[c] | K90: Putative Transporters
A91: GLYBt2r | B91: -300 | C91: 300 | D91: glyb[e] <=> glyb[c] | F91: glyb{0}[e] <=> glyb{0}[c] | G91: c|>|e | I91: Glycine betaine transport via proton symport, reversible | J91: glyb[e] + h[e] <=> glyb[c] + h[c] | K91: Putative Transporters
A92: GLYC3Pabc | B92: -300 | C92: 300 | D92: (2) atp[c] + glyc3p[e] + (2) h2o[c] <=> (2) adp[c] + glyc3p[c] + (2) pi[c] | E92: (2) atp[c] + (2) h2o[c] <=> (2) adp[c] + (2) pi[c] | F92: glyc3p{-2}[e] <=> glyc3p{-2}[c] | G92: c|>|e | I92: sn-Glycerol 3-phosphate transport via ABC system | J92: atp[c] + glyc3p[e] + h2o[c] <=> adp[c] + glyc3p[c] + h[c] + pi[c] | K92: Transport, Extracellular | M92: 142
A93: GLYC3Pt6 | B93: -300 | C93: 300 | D93: glyc3p[e] + pi[c] <=> glyc3p[c] + pi[e] | F93: glyc3p{-2}[e] + pi{-2}[c] <=> glyc3p{-2}[c] + pi{-2}[e] | G93: c|>|e | I93: Glycerol-3-phosphate : phosphate antiporter | J93: glyc3p[e] + pi[c] <=> glyc3p[c] + pi[e] | K93: Transport, Extracellular
A94: GLYCLTt2r | B94: -300 | C94: 300 | D94: glyclt[e] <=> glyclt[c] | F94: glyclt{-1}[e] + h{1}[e] <=> glyclt{-1}[c] + h{1}[c] | G94: c|>|e | I94: glycolate transport via proton symport, reversible | J94: glyclt[e] + h[e] <=> glyclt[c] + h[c] | K94: Transport, Extracellular | M94: 76
A95: GLYCt | B95: -300 | C95: 300 | D95: glyc[c] <=> glyc[e] | F95: glyc{0}[c] <=> glyc{0}[e] | G95: c|>|e | I95: glycerol transport via channel | J95: glyc[c] <=> glyc[e] | K95: Transport, Extracellular | M95: 46
A96: GLYt2r | B96: -300 | C96: 300 | D96: gly[e] <=> gly[c] | F96: gly{0}[e] <=> gly{0}[c] | G96: c|>|e | I96: glycine reversible transport via proton symport | J96: gly[e] + h[e] <=> gly[c] + h[c] | K96: Transport, Extracellular
A97: GSNt2 | B97: -300 | C97: 300 | D97: gsn[e] <=> gsn[c] | F97: gsn{0}[e] <=> gsn{0}[c] | G97: c|>|e | I97: guanosine transport in via proton symport | J97: gsn[e] + h[e] <=> gsn[c] + h[c] | K97: Transport, Extracellular
A98: GUAt | B98: -300 | C98: 300 | D98: gua[e] <=> gua[c] | F98: gua{0}[e] <=> gua{0}[c] | G98: c|>|e | I98: Guanine transport | J98: gua[e] <=> gua[c] | K98: Transport, Extracellular
A99: GUAt2 | B99: -300 | C99: 300 | G99: c|>|e | I99: guanine transport in via proton symport | J99: gua[e] + h[e] <=> gua[c] + h[c] | K99: Putative Transporters
A100: H2Ot | B100: -300 | C100: 300 | D100: h2o[e] <=> h2o[c] | F100: h2o{0}[e] <=> h2o{0}[c] | G100: c|>|e | I100: H2O transport via diffusion | J100: h2o[e] <=> h2o[c] | K100: Transport, Extracellular
...

Sheet log
A1: log | B1: 4042016
A2: renamed | B2: ATPM | C2: to | D2: ATPHYD
B4: 20042016
A5: changed | B5: Co2tot | C5: Hco3 insead of Co2
B7: 23052016
A8: lumped | B8: SUCD1i | C8: 0 | D8: 150 | E8: fad[c] + succ[c] <=> fadh2[c] + fum[c] | G8: succinate dehydrogenase | H8: Citrate Cycle (TCA) | I8: EC-1.3.99.1
B9: SUCD4 | C9: -150 | D9: 150 | E9: fadh2[c] + q8[c] <=> fad[c] + q8h2[c] | G9: succinate dehyrdogenase | H9: Oxidative phosphorylation | I9: EC-Undetermined
A10: to | B10: SUCD | C10: -150 | D10: 150 | E10: q8[c] + succ[c] <=> q8h2[c] + fum[c] | G10: succinate dehydrogenase | H10: Citrate Cycle (TCA) | I10: EC-1.3.99.1

Sheet subsystems
A1: Abbreviation | B1: Subsystem
A2: 2DGLCNRx | B2: Alternate Carbon Metabolism
A3: 2DGLCNRy | B3: Alternate Carbon Metabolism
A4: 2DGULRx | B4: Alternate Carbon Metabolism
A5: 2DGULRy | B5: Alternate Carbon Metabolism
A6: 3HCINNMH | B6: Alternate Carbon Metabolism
A7: 3HPPPNH | B7: Alternate Carbon Metabolism
A8: 4HTHRS | B8: Cofactor and Prosthetic Group Biosynthesis
A9: 5DGLCNR | B9: Alternate Carbon Metabolism
A10: A5PISO | B10: Alternate Carbon Metabolism
A11: AACPS1 | B11: Cell Envelope Biosynthesis
A12: AACPS2 | B12: Cell Envelope Biosynthesis
... A1449: XYLK | B1449: Alternate Carbon Metabolism
